CHILDID,Genotype_ID,Study,CREM_rs2148483_A,PRKCA_rs58296998_T
7001,Genotype_ID#,dbc,0,0
7003,Genotype_ID#,dbc,1,1
7004,Genotype_ID#,dbc,0,0
7007,Genotype_ID#,dbc,1,0
7008,Genotype_ID#,dbc,1,1
7011,Genotype_ID#,dbc,0,1
7012,Genotype_ID#,dbc,1,0
7013,Genotype_ID#,dbc,2,0
7015,Genotype_ID#,dbc,0,0
7018,Genotype_ID#,dbc,0,1
7020,Genotype_ID#,dbc,0,0
7022,Genotype_ID#,dbc,1,0
7023,Genotype_ID#,dbc,0,2
7027,Genotype_ID#,dbc,1,0
7028,Genotype_ID#,dbc,0,0
7029,Genotype_ID#,dbc,0,0
7030,Genotype_ID#,dbc,0,0
7031,Genotype_ID#,dbc,1,0
7034,Genotype_ID#,dbc,0,0
7035,Genotype_ID#,dbc,0,1
7041,Genotype_ID#,dbc,0,1
7044,Genotype_ID#,dbc,1,0
7046,Genotype_ID#,dbc,0,0
7047,Genotype_ID#,dbc,0,0
7048,Genotype_ID#,dbc,0,0
7049,Genotype_ID#,dbc,0,0
7050,Genotype_ID#,dbc,1,1
7052,Genotype_ID#,dbc,0,0
7054,Genotype_ID#,dbc,0,1
7055,Genotype_ID#,dbc,0,1
7056,Genotype_ID#,dbc,0,0
7057,Genotype_ID#,dbc,0,0
7058,Genotype_ID#,dbc,2,0
7063,Genotype_ID#,dbc,0,1
7066,Genotype_ID#,dbc,0,0
7067,Genotype_ID#,dbc,0,1
7068,Genotype_ID#,dbc,1,0
7074,Genotype_ID#,dbc,0,0
7075,Genotype_ID#,dbc,1,1
7077,Genotype_ID#,dbc,0,0
7081,Genotype_ID#,dbc,1,0
7082,Genotype_ID#,dbc,2,0
7084,Genotype_ID#,dbc,0,1
7087,Genotype_ID#,dbc,1,1
7089,Genotype_ID#,dbc,2,0
7090,Genotype_ID#,dbc,1,0
7091,Genotype_ID#,dbc,0,0
7092,Genotype_ID#,dbc,0,0
7093,Genotype_ID#,dbc,0,1
7098,Genotype_ID#,dbc,1,1
7100,Genotype_ID#,dbc,0,0
7102,Genotype_ID#,dbc,0,1
7106,Genotype_ID#,dbc,2,-9
7107,Genotype_ID#,dbc,0,1
7108,Genotype_ID#,dbc,0,0
7109,Genotype_ID#,dbc,2,0
7114,Genotype_ID#,dbc,0,0
7115,Genotype_ID#,dbc,0,0
7116,Genotype_ID#,dbc,0,0
7118,Genotype_ID#,dbc,0,0
7120,Genotype_ID#,dbc,1,0
7121,Genotype_ID#,dbc,0,2
7123,Genotype_ID#,dbc,1,0
7124,Genotype_ID#,dbc,2,1
7126,Genotype_ID#,dbc,0,0
7128,Genotype_ID#,dbc,1,0
7129,Genotype_ID#,dbc,0,1
7130,Genotype_ID#,dbc,0,0
7131,Genotype_ID#,dbc,1,0
7133,Genotype_ID#,dbc,0,1
7134,Genotype_ID#,dbc,1,0
7136,Genotype_ID#,dbc,1,0
7138,Genotype_ID#,dbc,1,2
7139,Genotype_ID#,dbc,1,0
7141,Genotype_ID#,dbc,0,1
7144,Genotype_ID#,dbc,1,1
7145,Genotype_ID#,dbc,0,0
7148,Genotype_ID#,dbc,1,0
7150,Genotype_ID#,dbc,0,1
7151,Genotype_ID#,dbc,0,0
7152,Genotype_ID#,dbc,1,1
7154,Genotype_ID#,dbc,1,0
7155,Genotype_ID#,dbc,0,1
7156,Genotype_ID#,dbc,0,0
7158,Genotype_ID#,dbc,0,1
7159,Genotype_ID#,dbc,0,0
7160,Genotype_ID#,dbc,1,0
7161,Genotype_ID#,dbc,0,1
7163,Genotype_ID#,dbc,0,0
7164,Genotype_ID#,dbc,0,0
7166,Genotype_ID#,dbc,1,1
7169,Genotype_ID#,dbc,0,0
7171,Genotype_ID#,dbc,2,0
7173,Genotype_ID#,dbc,0,1
7174,Genotype_ID#,dbc,0,0
7176,Genotype_ID#,dbc,0,0
7177,Genotype_ID#,dbc,2,0
7178,Genotype_ID#,dbc,0,1
7185,Genotype_ID#,dbc,1,0
7187,Genotype_ID#,dbc,0,-9
7188,Genotype_ID#,dbc,0,0
7190,Genotype_ID#,dbc,0,1
7191,Genotype_ID#,dbc,0,0
7193,Genotype_ID#,dbc,0,0
7194,Genotype_ID#,dbc,2,1
7195,Genotype_ID#,dbc,0,0
7197,Genotype_ID#,dbc,1,1
7198,Genotype_ID#,dbc,0,1
7200,Genotype_ID#,dbc,1,1
7202,Genotype_ID#,dbc,1,0
7204,Genotype_ID#,dbc,0,1
7207,Genotype_ID#,dbc,0,0
7209,Genotype_ID#,dbc,0,1
7211,Genotype_ID#,dbc,0,0
7212,Genotype_ID#,dbc,0,0
7216,Genotype_ID#,dbc,0,0
7217,Genotype_ID#,dbc,0,0
7218,Genotype_ID#,dbc,0,0
7220,Genotype_ID#,dbc,1,0
7221,Genotype_ID#,dbc,1,1
7223,Genotype_ID#,dbc,0,0
8002,Genotype_ID#,dbc,0,0
8004,Genotype_ID#,dbc,1,0
8005,Genotype_ID#,dbc,0,0
8006,Genotype_ID#,dbc,1,0
8008,Genotype_ID#,dbc,0,0
8010,Genotype_ID#,dbc,0,0
8011,Genotype_ID#,dbc,0,0
8013,Genotype_ID#,dbc,0,1
8015,Genotype_ID#,dbc,1,0
8016,Genotype_ID#,dbc,0,0
8017,Genotype_ID#,dbc,1,0
8020,Genotype_ID#,dbc,0,0
8021,Genotype_ID#,dbc,0,0
8022,Genotype_ID#,dbc,0,0
8023,Genotype_ID#,dbc,0,0
8024,Genotype_ID#,dbc,0,0
8025,Genotype_ID#,dbc,1,0
8027,Genotype_ID#,dbc,0,1
8028,Genotype_ID#,dbc,1,1
8030,Genotype_ID#,dbc,0,0
8031,Genotype_ID#,dbc,1,0
8033,Genotype_ID#,dbc,0,1
8034,Genotype_ID#,dbc,0,1
8035,Genotype_ID#,dbc,0,0
8036,Genotype_ID#,dbc,0,0
8037,Genotype_ID#,dbc,2,1
8038,Genotype_ID#,dbc,0,0
8039,Genotype_ID#,dbc,0,0
8040,Genotype_ID#,dbc,0,1
8041,Genotype_ID#,dbc,1,0
8042,Genotype_ID#,dbc,0,0
8043,Genotype_ID#,dbc,0,0
8044,Genotype_ID#,dbc,0,0
8045,Genotype_ID#,dbc,1,0
8046,Genotype_ID#,dbc,2,0
8047,Genotype_ID#,dbc,0,0
8049,Genotype_ID#,dbc,1,0
8051,Genotype_ID#,dbc,2,0
8053,Genotype_ID#,dbc,0,0
8054,Genotype_ID#,dbc,0,0
8055,Genotype_ID#,dbc,0,2
8056,Genotype_ID#,dbc,0,0
8057,Genotype_ID#,dbc,0,0
8059,Genotype_ID#,dbc,1,0
8062,Genotype_ID#,dbc,0,0
8063,Genotype_ID#,dbc,1,0
8064,Genotype_ID#,dbc,1,0
8065,Genotype_ID#,dbc,1,0
8066,Genotype_ID#,dbc,2,1
8067,Genotype_ID#,dbc,1,1
8068,Genotype_ID#,dbc,0,0
8069,Genotype_ID#,dbc,1,1
8070,Genotype_ID#,dbc,0,0
8071,Genotype_ID#,dbc,0,1
8072,Genotype_ID#,dbc,0,0
8073,Genotype_ID#,dbc,1,0
8074,Genotype_ID#,dbc,0,0
8075,Genotype_ID#,dbc,1,0
8076,Genotype_ID#,dbc,0,0
8077,Genotype_ID#,dbc,0,0
8079,Genotype_ID#,dbc,0,0
8080,Genotype_ID#,dbc,1,0
8083,Genotype_ID#,dbc,0,0
8084,Genotype_ID#,dbc,0,0
8086,Genotype_ID#,dbc,0,0
8087,Genotype_ID#,dbc,0,0
8089,Genotype_ID#,dbc,0,0
8090,Genotype_ID#,dbc,0,0
8091,Genotype_ID#,dbc,0,1
8092,Genotype_ID#,dbc,0,0
8093,Genotype_ID#,dbc,0,0
8094,Genotype_ID#,dbc,0,0
8097,Genotype_ID#,dbc,0,0
8098,Genotype_ID#,dbc,0,0
8099,Genotype_ID#,dbc,1,0
8100,Genotype_ID#,dbc,0,0
8103,Genotype_ID#,dbc,1,1
8104,Genotype_ID#,dbc,0,0
8111,Genotype_ID#,dbc,2,1
8112,Genotype_ID#,dbc,1,1
8113,Genotype_ID#,dbc,1,2
8114,Genotype_ID#,dbc,2,0
8115,Genotype_ID#,dbc,0,0
8116,Genotype_ID#,dbc,1,0
8118,Genotype_ID#,dbc,0,0
8119,Genotype_ID#,dbc,0,0
8120,Genotype_ID#,dbc,1,0
8121,Genotype_ID#,dbc,0,0
8126,Genotype_ID#,dbc,1,0
8127,Genotype_ID#,dbc,0,0
8128,Genotype_ID#,dbc,1,0
8129,Genotype_ID#,dbc,1,0
8130,Genotype_ID#,dbc,1,0
8132,Genotype_ID#,dbc,0,0
8133,Genotype_ID#,dbc,0,0
8134,Genotype_ID#,dbc,0,0
8136,Genotype_ID#,dbc,0,0
8137,Genotype_ID#,dbc,1,0
8138,Genotype_ID#,dbc,1,0
8140,Genotype_ID#,dbc,1,1
8141,Genotype_ID#,dbc,0,2
8143,Genotype_ID#,dbc,2,0
8144,Genotype_ID#,dbc,0,0
8146,Genotype_ID#,dbc,1,0
8147,Genotype_ID#,dbc,0,0
8148,Genotype_ID#,dbc,1,0
8149,Genotype_ID#,dbc,0,0
8151,Genotype_ID#,dbc,0,0
8152,Genotype_ID#,dbc,0,1
8153,Genotype_ID#,dbc,1,1
8154,Genotype_ID#,dbc,0,0
8156,Genotype_ID#,dbc,0,0
8157,Genotype_ID#,dbc,0,0
8158,Genotype_ID#,dbc,0,0
8159,Genotype_ID#,dbc,0,0
8161,Genotype_ID#,dbc,1,0
8162,Genotype_ID#,dbc,0,0
8163,Genotype_ID#,dbc,1,0
8164,Genotype_ID#,dbc,0,0
8165,Genotype_ID#,dbc,0,0
8166,Genotype_ID#,dbc,0,0
8167,Genotype_ID#,dbc,1,0
8168,Genotype_ID#,dbc,0,0
8170,Genotype_ID#,dbc,0,0
8171,Genotype_ID#,dbc,0,0
8172,Genotype_ID#,dbc,0,0
8173,Genotype_ID#,dbc,0,0
8174,Genotype_ID#,dbc,0,0
8175,Genotype_ID#,dbc,0,2
8177,Genotype_ID#,dbc,0,0
8178,Genotype_ID#,dbc,0,0
8182,Genotype_ID#,dbc,1,0
8184,Genotype_ID#,dbc,2,1
8186,Genotype_ID#,dbc,0,0
8187,Genotype_ID#,dbc,0,1
8188,Genotype_ID#,dbc,0,0
8189,Genotype_ID#,dbc,1,0
8190,Genotype_ID#,dbc,2,0
8191,Genotype_ID#,dbc,1,0
8193,Genotype_ID#,dbc,1,0
8194,Genotype_ID#,dbc,0,0
8195,Genotype_ID#,dbc,0,1
8197,Genotype_ID#,dbc,1,1
8199,Genotype_ID#,dbc,0,1
8202,Genotype_ID#,dbc,0,1
8203,Genotype_ID#,dbc,0,0
8206,Genotype_ID#,dbc,0,1
8207,Genotype_ID#,dbc,1,0
8209,Genotype_ID#,dbc,0,0
8211,Genotype_ID#,dbc,1,0
8212,Genotype_ID#,dbc,0,0
8213,Genotype_ID#,dbc,0,0
8214,Genotype_ID#,dbc,1,0
8215,Genotype_ID#,dbc,2,1
8216,Genotype_ID#,dbc,0,0
8217,Genotype_ID#,dbc,0,0
8218,Genotype_ID#,dbc,0,0
8219,Genotype_ID#,dbc,0,-9
8220,Genotype_ID#,dbc,0,0
8221,Genotype_ID#,dbc,1,0
8222,Genotype_ID#,dbc,0,0
8223,Genotype_ID#,dbc,1,0
8224,Genotype_ID#,dbc,0,1
8226,Genotype_ID#,dbc,0,0
8227,Genotype_ID#,dbc,0,0
8228,Genotype_ID#,dbc,0,0
8230,Genotype_ID#,dbc,0,0
8232,Genotype_ID#,dbc,0,1
8233,Genotype_ID#,dbc,1,1
8235,Genotype_ID#,dbc,0,0
8236,Genotype_ID#,dbc,0,0
8238,Genotype_ID#,dbc,1,1
8239,Genotype_ID#,dbc,0,0
8241,Genotype_ID#,dbc,1,0
8242,Genotype_ID#,dbc,0,0
8243,Genotype_ID#,dbc,0,1
8244,Genotype_ID#,dbc,0,1
8245,Genotype_ID#,dbc,1,0
8246,Genotype_ID#,dbc,0,0
8248,Genotype_ID#,dbc,1,0
8249,Genotype_ID#,dbc,1,1
8251,Genotype_ID#,dbc,1,0
8253,Genotype_ID#,dbc,1,0
8258,Genotype_ID#,dbc,1,1
8259,Genotype_ID#,dbc,1,0
8260,Genotype_ID#,dbc,0,0
8262,Genotype_ID#,dbc,0,1
8264,Genotype_ID#,dbc,1,0
8267,Genotype_ID#,dbc,0,0
8269,Genotype_ID#,dbc,0,0
8271,Genotype_ID#,dbc,0,0
8272,Genotype_ID#,dbc,1,1
8273,Genotype_ID#,dbc,1,0
8274,Genotype_ID#,dbc,0,0
8275,Genotype_ID#,dbc,2,0
8276,Genotype_ID#,dbc,1,0
8277,Genotype_ID#,dbc,0,0
8279,Genotype_ID#,dbc,0,0
8281,Genotype_ID#,dbc,0,0
8282,Genotype_ID#,dbc,0,1
8284,Genotype_ID#,dbc,0,0
8285,Genotype_ID#,dbc,0,2
8286,Genotype_ID#,dbc,1,0
8288,Genotype_ID#,dbc,0,0
8289,Genotype_ID#,dbc,1,0
8290,Genotype_ID#,dbc,1,1
8291,Genotype_ID#,dbc,0,1
8292,Genotype_ID#,dbc,0,0
8294,Genotype_ID#,dbc,0,0
8295,Genotype_ID#,dbc,0,0
8296,Genotype_ID#,dbc,0,0
8297,Genotype_ID#,dbc,1,0
8299,Genotype_ID#,dbc,0,1
8302,Genotype_ID#,dbc,0,0
8304,Genotype_ID#,dbc,2,0
8305,Genotype_ID#,dbc,0,2
8306,Genotype_ID#,dbc,0,0
8307,Genotype_ID#,dbc,0,0
8308,Genotype_ID#,dbc,2,0
8309,Genotype_ID#,dbc,0,0
8310,Genotype_ID#,dbc,1,0
8311,Genotype_ID#,dbc,1,0
8312,Genotype_ID#,dbc,0,0
8314,Genotype_ID#,dbc,0,0
8315,Genotype_ID#,dbc,0,0
8316,Genotype_ID#,dbc,0,1
8317,Genotype_ID#,dbc,1,0
8318,Genotype_ID#,dbc,1,0
8319,Genotype_ID#,dbc,0,0
8323,Genotype_ID#,dbc,0,0
8325,Genotype_ID#,dbc,0,0
8326,Genotype_ID#,dbc,0,0
8327,Genotype_ID#,dbc,0,0
8328,Genotype_ID#,dbc,0,1
8329,Genotype_ID#,dbc,1,0
8330,Genotype_ID#,dbc,1,0
8331,Genotype_ID#,dbc,0,1
8332,Genotype_ID#,dbc,1,0
8333,Genotype_ID#,dbc,0,0
8334,Genotype_ID#,dbc,0,1
8335,Genotype_ID#,dbc,0,0
8336,Genotype_ID#,dbc,0,1
8337,Genotype_ID#,dbc,0,0
8339,Genotype_ID#,dbc,0,0
8340,Genotype_ID#,dbc,0,0
8341,Genotype_ID#,dbc,0,0
8343,Genotype_ID#,dbc,0,1
8344,Genotype_ID#,dbc,0,2
8346,Genotype_ID#,dbc,1,1
8347,Genotype_ID#,dbc,1,0
8348,Genotype_ID#,dbc,0,0
8351,Genotype_ID#,dbc,0,0
8352,Genotype_ID#,dbc,1,0
8353,Genotype_ID#,dbc,0,0
8354,Genotype_ID#,dbc,1,1
8356,Genotype_ID#,dbc,0,1
8357,Genotype_ID#,dbc,0,1
8359,Genotype_ID#,dbc,1,0
8360,Genotype_ID#,dbc,0,2
8361,Genotype_ID#,dbc,1,0
8362,Genotype_ID#,dbc,2,0
8363,Genotype_ID#,dbc,0,0
8364,Genotype_ID#,dbc,0,0
8365,Genotype_ID#,dbc,1,0
8367,Genotype_ID#,dbc,1,0
8368,Genotype_ID#,dbc,0,2
8369,Genotype_ID#,dbc,0,0
8375,Genotype_ID#,dbc,0,0
8376,Genotype_ID#,dbc,1,0
8378,Genotype_ID#,dbc,0,0
8379,Genotype_ID#,dbc,0,1
8383,Genotype_ID#,dbc,0,1
8385,Genotype_ID#,dbc,0,0
8386,Genotype_ID#,dbc,1,1
8387,Genotype_ID#,dbc,0,0
1016,urn:wtsi:424967_A01_PROVIDE_C5908990,PROVIDE,0,0
1023,urn:wtsi:424967_A02_PROVIDE_C5909002,PROVIDE,0,0
1044,urn:wtsi:424967_A03_PROVIDE_C5909011,PROVIDE,0,0
1079,urn:wtsi:424967_A05_PROVIDE_C5909030,PROVIDE,0,0
1122,urn:wtsi:424967_A06_PROVIDE_C5909045,PROVIDE,0,0
1133,urn:wtsi:424967_A07_PROVIDE_C5909053,PROVIDE,0,0
1216,urn:wtsi:424967_A10_PROVIDE_C5909079,PROVIDE,0,1
1219,urn:wtsi:424967_A11_PROVIDE_C5909089,PROVIDE,0,1
1026,urn:wtsi:424967_B01_PROVIDE_C5908991,PROVIDE,0,0
1031,urn:wtsi:424967_B02_PROVIDE_C5909003,PROVIDE,0,0
1041,urn:wtsi:424967_B03_PROVIDE_C5909012,PROVIDE,1,0
1084,urn:wtsi:424967_B05_PROVIDE_C5909032,PROVIDE,0,2
1143,urn:wtsi:424967_B08_PROVIDE_C5909063,PROVIDE,0,0
1224,urn:wtsi:424967_B11_PROVIDE_C5909090,PROVIDE,1,1
1231,urn:wtsi:424967_B12_PROVIDE_C5909098,PROVIDE,1,1
1035,urn:wtsi:424967_C02_PROVIDE_C5909004,PROVIDE,1,0
1053,urn:wtsi:424967_C03_PROVIDE_C5909013,PROVIDE,0,0
1090,urn:wtsi:424967_C05_PROVIDE_C5909035,PROVIDE,1,0
1125,urn:wtsi:424967_C06_PROVIDE_C5909047,PROVIDE,0,0
1104,urn:wtsi:424967_C07_PROVIDE_C5909055,PROVIDE,0,0
1144,urn:wtsi:424967_C08_PROVIDE_C5909064,PROVIDE,0,0
1208,urn:wtsi:424967_C10_PROVIDE_C5909082,PROVIDE,0,0
1232,urn:wtsi:424967_C12_PROVIDE_C5909099,PROVIDE,0,0
1001,urn:wtsi:424967_D01_PROVIDE_C5908993,PROVIDE,0,0
1054,urn:wtsi:424967_D03_PROVIDE_C5909014,PROVIDE,0,0
1092,urn:wtsi:424967_D05_PROVIDE_C5909036,PROVIDE,1,0
1127,urn:wtsi:424967_D06_PROVIDE_C5909048,PROVIDE,0,0
1134,urn:wtsi:424967_D07_PROVIDE_C5909056,PROVIDE,0,0
1147,urn:wtsi:424967_D08_PROVIDE_C5909065,PROVIDE,0,0
1217,urn:wtsi:424967_D10_PROVIDE_C5909083,PROVIDE,0,0
1229,urn:wtsi:424967_D11_PROVIDE_C5909092,PROVIDE,2,1
1008,urn:wtsi:424967_E01_PROVIDE_C5908995,PROVIDE,0,0
1048,urn:wtsi:424967_E03_PROVIDE_C5909015,PROVIDE,0,0
1071,urn:wtsi:424967_E04_PROVIDE_C5909025,PROVIDE,0,0
1097,urn:wtsi:424967_E05_PROVIDE_C5909037,PROVIDE,1,1
1128,urn:wtsi:424967_E06_PROVIDE_C5909049,PROVIDE,1,0
1145,urn:wtsi:424967_E08_PROVIDE_C5909066,PROVIDE,0,0
1218,urn:wtsi:424967_E10_PROVIDE_C5909084,PROVIDE,1,0
1233,urn:wtsi:424967_E12_PROVIDE_C5909102,PROVIDE,1,0
1010,urn:wtsi:424967_F01_PROVIDE_C5908996,PROVIDE,0,1
1038,urn:wtsi:424967_F02_PROVIDE_C5909007,PROVIDE,0,0
1059,urn:wtsi:424967_F03_PROVIDE_C5909016,PROVIDE,0,0
1075,urn:wtsi:424967_F04_PROVIDE_C5909026,PROVIDE,1,0
1126,urn:wtsi:424967_F06_PROVIDE_C5909050,PROVIDE,0,0
1135,urn:wtsi:424967_F07_PROVIDE_C5909058,PROVIDE,0,1
1151,urn:wtsi:424967_F08_PROVIDE_C5909067,PROVIDE,1,0
1212,urn:wtsi:424967_F10_PROVIDE_C5909086,PROVIDE,1,1
1222,urn:wtsi:424967_F11_PROVIDE_C5909094,PROVIDE,0,0
1234,urn:wtsi:424967_F12_PROVIDE_C5909103,PROVIDE,0,0
1022,urn:wtsi:424967_G01_PROVIDE_C5908999,PROVIDE,1,0
1042,urn:wtsi:424967_G02_PROVIDE_C5909009,PROVIDE,1,1
1063,urn:wtsi:424967_G03_PROVIDE_C5909017,PROVIDE,0,0
1080,urn:wtsi:424967_G04_PROVIDE_C5909027,PROVIDE,2,0
1108,urn:wtsi:424967_G05_PROVIDE_C5909039,PROVIDE,1,0
1131,urn:wtsi:424967_G06_PROVIDE_C5909051,PROVIDE,0,0
1141,urn:wtsi:424967_G07_PROVIDE_C5909059,PROVIDE,1,0
1152,urn:wtsi:424967_G08_PROVIDE_C5909068,PROVIDE,0,1
1220,urn:wtsi:424967_G10_PROVIDE_C5909087,PROVIDE,0,1
1025,urn:wtsi:424967_H01_PROVIDE_C5909000,PROVIDE,0,0
1043,urn:wtsi:424967_H02_PROVIDE_C5909010,PROVIDE,0,1
1049,urn:wtsi:424967_H03_PROVIDE_C5909018,PROVIDE,0,0
1078,urn:wtsi:424967_H04_PROVIDE_C5909029,PROVIDE,1,0
1121,urn:wtsi:424967_H05_PROVIDE_C5909044,PROVIDE,1,1
1132,urn:wtsi:424967_H06_PROVIDE_C5909052,PROVIDE,0,0
1138,urn:wtsi:424967_H07_PROVIDE_C5909061,PROVIDE,0,0
1149,urn:wtsi:424967_H08_PROVIDE_C5909069,PROVIDE,0,0
1221,urn:wtsi:424967_H10_PROVIDE_C5909088,PROVIDE,0,0
1225,urn:wtsi:424967_H11_PROVIDE_C5909096,PROVIDE,0,0
1239,urn:wtsi:424967_H12_PROVIDE_C5909105,PROVIDE,0,0
1236,urn:wtsi:424968_A01_PROVIDE_C5909106,PROVIDE,0,0
1283,urn:wtsi:424968_A06_PROVIDE_C5909148,PROVIDE,1,1
1292,urn:wtsi:424968_A07_PROVIDE_C5909156,PROVIDE,0,1
1301,urn:wtsi:424968_A08_PROVIDE_C5909164,PROVIDE,0,0
1310,urn:wtsi:424968_A09_PROVIDE_C5909172,PROVIDE,0,0
1329,urn:wtsi:424968_A11_PROVIDE_C5909190,PROVIDE,0,1
1342,urn:wtsi:424968_A12_PROVIDE_C5909198,PROVIDE,0,1
1260,urn:wtsi:424968_B03_PROVIDE_C5909124,PROVIDE,0,1
1259,urn:wtsi:424968_B04_PROVIDE_C5909132,PROVIDE,0,1
1276,urn:wtsi:424968_B05_PROVIDE_C5909140,PROVIDE,1,1
1284,urn:wtsi:424968_B06_PROVIDE_C5909149,PROVIDE,0,0
1302,urn:wtsi:424968_B08_PROVIDE_C5909165,PROVIDE,0,0
1321,urn:wtsi:424968_B10_PROVIDE_C5909183,PROVIDE,1,0
1330,urn:wtsi:424968_B11_PROVIDE_C5909191,PROVIDE,0,0
1343,urn:wtsi:424968_B12_PROVIDE_C5909199,PROVIDE,0,1
1242,urn:wtsi:424968_C01_PROVIDE_C5909108,PROVIDE,1,0
1246,urn:wtsi:424968_C02_PROVIDE_C5909116,PROVIDE,1,0
1261,urn:wtsi:424968_C03_PROVIDE_C5909125,PROVIDE,0,1
1267,urn:wtsi:424968_C04_PROVIDE_C5909133,PROVIDE,0,0
1275,urn:wtsi:424968_C05_PROVIDE_C5909142,PROVIDE,0,1
1285,urn:wtsi:424968_C06_PROVIDE_C5909150,PROVIDE,1,0
1294,urn:wtsi:424968_C07_PROVIDE_C5909158,PROVIDE,0,0
1303,urn:wtsi:424968_C08_PROVIDE_C5909166,PROVIDE,1,0
1313,urn:wtsi:424968_C09_PROVIDE_C5909175,PROVIDE,1,1
1323,urn:wtsi:424968_C10_PROVIDE_C5909184,PROVIDE,0,0
1331,urn:wtsi:424968_C11_PROVIDE_C5909192,PROVIDE,0,0
1344,urn:wtsi:424968_C12_PROVIDE_C5909200,PROVIDE,1,0
1243,urn:wtsi:424968_D01_PROVIDE_C5909109,PROVIDE,1,0
1250,urn:wtsi:424968_D02_PROVIDE_C5909117,PROVIDE,1,0
1271,urn:wtsi:424968_D04_PROVIDE_C5909134,PROVIDE,1,2
1286,urn:wtsi:424968_D06_PROVIDE_C5909151,PROVIDE,0,0
1295,urn:wtsi:424968_D07_PROVIDE_C5909159,PROVIDE,0,0
1304,urn:wtsi:424968_D08_PROVIDE_C5909167,PROVIDE,1,0
1314,urn:wtsi:424968_D09_PROVIDE_C5909176,PROVIDE,0,0
1324,urn:wtsi:424968_D10_PROVIDE_C5909185,PROVIDE,2,0
1241,urn:wtsi:424968_E01_PROVIDE_C5909110,PROVIDE,0,0
1266,urn:wtsi:424968_E04_PROVIDE_C5909135,PROVIDE,0,1
1278,urn:wtsi:424968_E05_PROVIDE_C5909144,PROVIDE,1,0
1287,urn:wtsi:424968_E06_PROVIDE_C5909152,PROVIDE,1,0
1296,urn:wtsi:424968_E07_PROVIDE_C5909160,PROVIDE,0,0
1305,urn:wtsi:424968_E08_PROVIDE_C5909168,PROVIDE,0,0
1315,urn:wtsi:424968_E09_PROVIDE_C5909177,PROVIDE,1,0
1325,urn:wtsi:424968_E10_PROVIDE_C5909186,PROVIDE,0,1
1336,urn:wtsi:424968_E11_PROVIDE_C5909194,PROVIDE,0,1
1347,urn:wtsi:424968_E12_PROVIDE_C5909202,PROVIDE,0,0
1244,urn:wtsi:424968_F01_PROVIDE_C5909111,PROVIDE,0,0
1251,urn:wtsi:424968_F02_PROVIDE_C5909119,PROVIDE,1,0
1268,urn:wtsi:424968_F04_PROVIDE_C5909136,PROVIDE,2,0
1280,urn:wtsi:424968_F05_PROVIDE_C5909145,PROVIDE,0,1
1289,urn:wtsi:424968_F06_PROVIDE_C5909153,PROVIDE,0,2
1298,urn:wtsi:424968_F07_PROVIDE_C5909161,PROVIDE,0,0
1306,urn:wtsi:424968_F08_PROVIDE_C5909169,PROVIDE,0,1
1316,urn:wtsi:424968_F09_PROVIDE_C5909178,PROVIDE,0,0
1337,urn:wtsi:424968_F11_PROVIDE_C5909195,PROVIDE,0,1
1348,urn:wtsi:424968_F12_PROVIDE_C5909203,PROVIDE,0,0
1247,urn:wtsi:424968_G01_PROVIDE_C5909112,PROVIDE,0,0
1257,urn:wtsi:424968_G02_PROVIDE_C5909121,PROVIDE,0,1
1265,urn:wtsi:424968_G03_PROVIDE_C5909129,PROVIDE,0,1
1270,urn:wtsi:424968_G04_PROVIDE_C5909137,PROVIDE,0,0
1281,urn:wtsi:424968_G05_PROVIDE_C5909146,PROVIDE,2,0
1290,urn:wtsi:424968_G06_PROVIDE_C5909154,PROVIDE,0,0
1299,urn:wtsi:424968_G07_PROVIDE_C5909162,PROVIDE,0,0
1307,urn:wtsi:424968_G08_PROVIDE_C5909170,PROVIDE,0,0
1317,urn:wtsi:424968_G09_PROVIDE_C5909179,PROVIDE,0,0
1340,urn:wtsi:424968_G11_PROVIDE_C5909196,PROVIDE,0,0
1349,urn:wtsi:424968_G12_PROVIDE_C5909204,PROVIDE,1,0
1248,urn:wtsi:424968_H01_PROVIDE_C5909113,PROVIDE,0,0
1252,urn:wtsi:424968_H02_PROVIDE_C5909122,PROVIDE,0,0
1269,urn:wtsi:424968_H03_PROVIDE_C5909130,PROVIDE,0,-9
1272,urn:wtsi:424968_H04_PROVIDE_C5909138,PROVIDE,0,0
1291,urn:wtsi:424968_H06_PROVIDE_C5909155,PROVIDE,0,1
1300,urn:wtsi:424968_H07_PROVIDE_C5909163,PROVIDE,1,0
1308,urn:wtsi:424968_H08_PROVIDE_C5909171,PROVIDE,0,0
1318,urn:wtsi:424968_H09_PROVIDE_C5909180,PROVIDE,2,1
1341,urn:wtsi:424968_H11_PROVIDE_C5909197,PROVIDE,2,2
1350,urn:wtsi:424968_H12_PROVIDE_C5909205,PROVIDE,0,0
1351,urn:wtsi:424969_A01_PROVIDE_C5909206,PROVIDE,0,0
1359,urn:wtsi:424969_A02_PROVIDE_C5909214,PROVIDE,0,0
1368,urn:wtsi:424969_A03_PROVIDE_C5909222,PROVIDE,0,0
1377,urn:wtsi:424969_A04_PROVIDE_C5909230,PROVIDE,0,0
1385,urn:wtsi:424969_A05_PROVIDE_C5909238,PROVIDE,0,0
1404,urn:wtsi:424969_A07_PROVIDE_C5909254,PROVIDE,0,0
1421,urn:wtsi:424969_A09_PROVIDE_C5909270,PROVIDE,1,0
1430,urn:wtsi:424969_A10_PROVIDE_C5909279,PROVIDE,0,0
1442,urn:wtsi:424969_A11_PROVIDE_C5909287,PROVIDE,1,2
1452,urn:wtsi:424969_A12_PROVIDE_C5909295,PROVIDE,0,0
1352,urn:wtsi:424969_B01_PROVIDE_C5909207,PROVIDE,1,0
1360,urn:wtsi:424969_B02_PROVIDE_C5909215,PROVIDE,1,1
1369,urn:wtsi:424969_B03_PROVIDE_C5909223,PROVIDE,0,0
1378,urn:wtsi:424969_B04_PROVIDE_C5909231,PROVIDE,0,1
1386,urn:wtsi:424969_B05_PROVIDE_C5909239,PROVIDE,2,0
1405,urn:wtsi:424969_B07_PROVIDE_C5909255,PROVIDE,0,0
1422,urn:wtsi:424969_B09_PROVIDE_C5909271,PROVIDE,0,0
1431,urn:wtsi:424969_B10_PROVIDE_C5909280,PROVIDE,0,0
1443,urn:wtsi:424969_B11_PROVIDE_C5909288,PROVIDE,1,0
1453,urn:wtsi:424969_B12_PROVIDE_C5909296,PROVIDE,0,1
1353,urn:wtsi:424969_C01_PROVIDE_C5909208,PROVIDE,0,0
1362,urn:wtsi:424969_C02_PROVIDE_C5909216,PROVIDE,1,1
1370,urn:wtsi:424969_C03_PROVIDE_C5909224,PROVIDE,1,0
1406,urn:wtsi:424969_C07_PROVIDE_C5909256,PROVIDE,0,0
1415,urn:wtsi:424969_C08_PROVIDE_C5909264,PROVIDE,0,0
1423,urn:wtsi:424969_C09_PROVIDE_C5909272,PROVIDE,0,0
1432,urn:wtsi:424969_C10_PROVIDE_C5909281,PROVIDE,0,0
1445,urn:wtsi:424969_C11_PROVIDE_C5909289,PROVIDE,1,1
1354,urn:wtsi:424969_D01_PROVIDE_C5909209,PROVIDE,0,0
1363,urn:wtsi:424969_D02_PROVIDE_C5909217,PROVIDE,0,0
1371,urn:wtsi:424969_D03_PROVIDE_C5909225,PROVIDE,1,1
1380,urn:wtsi:424969_D04_PROVIDE_C5909233,PROVIDE,1,0
1388,urn:wtsi:424969_D05_PROVIDE_C5909241,PROVIDE,1,0
1396,urn:wtsi:424969_D06_PROVIDE_C5909249,PROVIDE,0,0
1407,urn:wtsi:424969_D07_PROVIDE_C5909257,PROVIDE,0,1
1416,urn:wtsi:424969_D08_PROVIDE_C5909265,PROVIDE,0,1
1424,urn:wtsi:424969_D09_PROVIDE_C5909273,PROVIDE,1,0
1435,urn:wtsi:424969_D10_PROVIDE_C5909282,PROVIDE,0,0
1446,urn:wtsi:424969_D11_PROVIDE_C5909290,PROVIDE,0,0
1455,urn:wtsi:424969_D12_PROVIDE_C5909298,PROVIDE,0,0
1355,urn:wtsi:424969_E01_PROVIDE_C5909210,PROVIDE,0,0
1364,urn:wtsi:424969_E02_PROVIDE_C5909218,PROVIDE,0,0
1372,urn:wtsi:424969_E03_PROVIDE_C5909226,PROVIDE,0,0
1381,urn:wtsi:424969_E04_PROVIDE_C5909234,PROVIDE,0,1
1389,urn:wtsi:424969_E05_PROVIDE_C5909242,PROVIDE,1,0
1397,urn:wtsi:424969_E06_PROVIDE_C5909250,PROVIDE,0,0
1408,urn:wtsi:424969_E07_PROVIDE_C5909258,PROVIDE,1,0
1417,urn:wtsi:424969_E08_PROVIDE_C5909266,PROVIDE,0,1
1425,urn:wtsi:424969_E09_PROVIDE_C5909274,PROVIDE,0,0
1436,urn:wtsi:424969_E10_PROVIDE_C5909283,PROVIDE,0,0
1457,urn:wtsi:424969_E12_PROVIDE_C5909299,PROVIDE,1,0
1356,urn:wtsi:424969_F01_PROVIDE_C5909211,PROVIDE,1,0
1365,urn:wtsi:424969_F02_PROVIDE_C5909219,PROVIDE,0,0
1373,urn:wtsi:424969_F03_PROVIDE_C5909227,PROVIDE,0,1
1382,urn:wtsi:424969_F04_PROVIDE_C5909235,PROVIDE,1,0
1390,urn:wtsi:424969_F05_PROVIDE_C5909243,PROVIDE,1,0
1398,urn:wtsi:424969_F06_PROVIDE_C5909251,PROVIDE,0,1
1409,urn:wtsi:424969_F07_PROVIDE_C5909259,PROVIDE,1,0
1418,urn:wtsi:424969_F08_PROVIDE_C5909267,PROVIDE,0,0
1437,urn:wtsi:424969_F10_PROVIDE_C5909284,PROVIDE,1,1
1449,urn:wtsi:424969_F11_PROVIDE_C5909292,PROVIDE,1,2
1458,urn:wtsi:424969_F12_PROVIDE_C5909300,PROVIDE,1,0
1357,urn:wtsi:424969_G01_PROVIDE_C5909212,PROVIDE,0,0
1375,urn:wtsi:424969_G03_PROVIDE_C5909228,PROVIDE,0,0
1383,urn:wtsi:424969_G04_PROVIDE_C5909236,PROVIDE,0,1
1399,urn:wtsi:424969_G06_PROVIDE_C5909252,PROVIDE,2,0
1410,urn:wtsi:424969_G07_PROVIDE_C5909260,PROVIDE,0,1
1419,urn:wtsi:424969_G08_PROVIDE_C5909268,PROVIDE,1,0
1427,urn:wtsi:424969_G09_PROVIDE_C5909276,PROVIDE,1,2
1439,urn:wtsi:424969_G10_PROVIDE_C5909285,PROVIDE,0,0
1450,urn:wtsi:424969_G11_PROVIDE_C5909293,PROVIDE,0,0
1459,urn:wtsi:424969_G12_PROVIDE_C5909301,PROVIDE,0,0
1358,urn:wtsi:424969_H01_PROVIDE_C5909213,PROVIDE,1,1
1367,urn:wtsi:424969_H02_PROVIDE_C5909221,PROVIDE,0,0
1376,urn:wtsi:424969_H03_PROVIDE_C5909229,PROVIDE,0,1
1384,urn:wtsi:424969_H04_PROVIDE_C5909237,PROVIDE,0,0
1392,urn:wtsi:424969_H05_PROVIDE_C5909245,PROVIDE,0,0
1400,urn:wtsi:424969_H06_PROVIDE_C5909253,PROVIDE,0,1
1411,urn:wtsi:424969_H07_PROVIDE_C5909261,PROVIDE,1,0
1420,urn:wtsi:424969_H08_PROVIDE_C5909269,PROVIDE,0,0
1440,urn:wtsi:424969_H10_PROVIDE_C5909286,PROVIDE,0,0
1451,urn:wtsi:424969_H11_PROVIDE_C5909294,PROVIDE,1,0
1460,urn:wtsi:424969_H12_PROVIDE_C5909302,PROVIDE,0,0
1469,urn:wtsi:424970_A02_PROVIDE_C5909311,PROVIDE,2,0
1480,urn:wtsi:424970_A03_PROVIDE_C5909319,PROVIDE,1,0
1492,urn:wtsi:424970_A04_PROVIDE_C5909327,PROVIDE,1,0
1665,urn:wtsi:424970_A05_PROVIDE_C5909335,PROVIDE,1,0
1682,urn:wtsi:424970_A07_PROVIDE_C5909351,PROVIDE,0,1
1687,urn:wtsi:424970_A08_PROVIDE_C5909359,PROVIDE,0,0
1700,urn:wtsi:424970_A09_PROVIDE_C5909367,PROVIDE,0,1
1021,urn:wtsi:424970_A10_PROVIDE_C5909376,PROVIDE,0,1
1046,urn:wtsi:424970_A11_PROVIDE_C5909386,PROVIDE,0,0
1083,urn:wtsi:424970_A12_PROVIDE_C5909397,PROVIDE,0,0
1462,urn:wtsi:424970_B01_PROVIDE_C5909304,PROVIDE,0,0
1470,urn:wtsi:424970_B02_PROVIDE_C5909312,PROVIDE,0,0
1481,urn:wtsi:424970_B03_PROVIDE_C5909320,PROVIDE,1,0
1444,urn:wtsi:424970_B04_PROVIDE_C5909328,PROVIDE,0,0
1667,urn:wtsi:424970_B05_PROVIDE_C5909336,PROVIDE,1,0
1685,urn:wtsi:424970_B07_PROVIDE_C5909352,PROVIDE,0,1
1688,urn:wtsi:424970_B08_PROVIDE_C5909360,PROVIDE,1,-9
1699,urn:wtsi:424970_B09_PROVIDE_C5909368,PROVIDE,0,0
1017,urn:wtsi:424970_B10_PROVIDE_C5909377,PROVIDE,0,0
1051,urn:wtsi:424970_B11_PROVIDE_C5909387,PROVIDE,0,0
1088,urn:wtsi:424970_B12_PROVIDE_C5909398,PROVIDE,0,0
1471,urn:wtsi:424970_C02_PROVIDE_C5909313,PROVIDE,1,0
1482,urn:wtsi:424970_C03_PROVIDE_C5909321,PROVIDE,2,1
1659,urn:wtsi:424970_C04_PROVIDE_C5909329,PROVIDE,1,0
1673,urn:wtsi:424970_C05_PROVIDE_C5909337,PROVIDE,0,0
1668,urn:wtsi:424970_C06_PROVIDE_C5909345,PROVIDE,0,0
1675,urn:wtsi:424970_C07_PROVIDE_C5909353,PROVIDE,1,0
1697,urn:wtsi:424970_C08_PROVIDE_C5909361,PROVIDE,0,0
1002,urn:wtsi:424970_C09_PROVIDE_C5909369,PROVIDE,0,0
1024,urn:wtsi:424970_C10_PROVIDE_C5909378,PROVIDE,1,0
1068,urn:wtsi:424970_C11_PROVIDE_C5909390,PROVIDE,0,0
1464,urn:wtsi:424970_D01_PROVIDE_C5909306,PROVIDE,0,0
1472,urn:wtsi:424970_D02_PROVIDE_C5909314,PROVIDE,0,1
1483,urn:wtsi:424970_D03_PROVIDE_C5909322,PROVIDE,0,0
1662,urn:wtsi:424970_D04_PROVIDE_C5909330,PROVIDE,0,0
1670,urn:wtsi:424970_D06_PROVIDE_C5909346,PROVIDE,1,0
1683,urn:wtsi:424970_D07_PROVIDE_C5909354,PROVIDE,0,0
1696,urn:wtsi:424970_D08_PROVIDE_C5909362,PROVIDE,1,0
1004,urn:wtsi:424970_D09_PROVIDE_C5909370,PROVIDE,0,1
1029,urn:wtsi:424970_D10_PROVIDE_C5909379,PROVIDE,0,0
1073,urn:wtsi:424970_D11_PROVIDE_C5909391,PROVIDE,2,1
1100,urn:wtsi:424970_D12_PROVIDE_C5909400,PROVIDE,1,0
1465,urn:wtsi:424970_E01_PROVIDE_C5909307,PROVIDE,1,0
1473,urn:wtsi:424970_E02_PROVIDE_C5909315,PROVIDE,1,1
1484,urn:wtsi:424970_E03_PROVIDE_C5909323,PROVIDE,1,0
1663,urn:wtsi:424970_E04_PROVIDE_C5909331,PROVIDE,0,0
1664,urn:wtsi:424970_E05_PROVIDE_C5909339,PROVIDE,0,0
1676,urn:wtsi:424970_E06_PROVIDE_C5909347,PROVIDE,0,0
1686,urn:wtsi:424970_E07_PROVIDE_C5909355,PROVIDE,0,0
1690,urn:wtsi:424970_E08_PROVIDE_C5909363,PROVIDE,0,1
1003,urn:wtsi:424970_E09_PROVIDE_C5909371,PROVIDE,1,1
1018,urn:wtsi:424970_E10_PROVIDE_C5909380,PROVIDE,0,-9
1074,urn:wtsi:424970_E11_PROVIDE_C5909392,PROVIDE,0,2
1111,urn:wtsi:424970_E12_PROVIDE_C5909401,PROVIDE,0,0
1466,urn:wtsi:424970_F01_PROVIDE_C5909308,PROVIDE,0,1
1485,urn:wtsi:424970_F03_PROVIDE_C5909324,PROVIDE,0,0
1660,urn:wtsi:424970_F04_PROVIDE_C5909332,PROVIDE,0,1
1666,urn:wtsi:424970_F05_PROVIDE_C5909340,PROVIDE,0,0
1680,urn:wtsi:424970_F06_PROVIDE_C5909348,PROVIDE,0,0
1684,urn:wtsi:424970_F07_PROVIDE_C5909356,PROVIDE,0,1
1009,urn:wtsi:424970_F09_PROVIDE_C5909372,PROVIDE,1,1
1036,urn:wtsi:424970_F10_PROVIDE_C5909382,PROVIDE,0,1
1082,urn:wtsi:424970_F11_PROVIDE_C5909393,PROVIDE,1,0
1105,urn:wtsi:424970_F12_PROVIDE_C5909402,PROVIDE,0,1
1467,urn:wtsi:424970_G01_PROVIDE_C5909309,PROVIDE,0,0
1477,urn:wtsi:424970_G02_PROVIDE_C5909317,PROVIDE,0,0
1486,urn:wtsi:424970_G03_PROVIDE_C5909325,PROVIDE,1,0
1651,urn:wtsi:424970_G04_PROVIDE_C5909333,PROVIDE,1,0
1681,urn:wtsi:424970_G06_PROVIDE_C5909349,PROVIDE,0,1
1689,urn:wtsi:424970_G07_PROVIDE_C5909357,PROVIDE,1,0
1691,urn:wtsi:424970_G08_PROVIDE_C5909365,PROVIDE,1,0
1013,urn:wtsi:424970_G09_PROVIDE_C5909374,PROVIDE,1,1
1094,urn:wtsi:424970_G11_PROVIDE_C5909394,PROVIDE,1,1
1468,urn:wtsi:424970_H01_PROVIDE_C5909310,PROVIDE,1,1
1479,urn:wtsi:424970_H02_PROVIDE_C5909318,PROVIDE,1,0
1661,urn:wtsi:424970_H04_PROVIDE_C5909334,PROVIDE,1,0
1678,urn:wtsi:424970_H05_PROVIDE_C5909342,PROVIDE,0,0
1677,urn:wtsi:424970_H06_PROVIDE_C5909350,PROVIDE,0,0
1695,urn:wtsi:424970_H07_PROVIDE_C5909358,PROVIDE,1,1
1694,urn:wtsi:424970_H08_PROVIDE_C5909366,PROVIDE,1,0
1020,urn:wtsi:424970_H09_PROVIDE_C5909375,PROVIDE,0,1
1047,urn:wtsi:424970_H10_PROVIDE_C5909385,PROVIDE,1,0
1096,urn:wtsi:424970_H11_PROVIDE_C5909396,PROVIDE,0,0
1107,urn:wtsi:424970_H12_PROVIDE_C5909404,PROVIDE,1,1
1110,urn:wtsi:424971_A01_PROVIDE_C5909405,PROVIDE,0,0
1157,urn:wtsi:424971_A02_PROVIDE_C5909416,PROVIDE,1,0
1173,urn:wtsi:424971_A03_PROVIDE_C5909428,PROVIDE,0,0
1187,urn:wtsi:424971_A04_PROVIDE_C5909439,PROVIDE,0,0
1185,urn:wtsi:424971_A05_PROVIDE_C5909449,PROVIDE,0,0
1438,urn:wtsi:424971_A06_PROVIDE_C5909459,PROVIDE,0,1
1498,urn:wtsi:424971_A07_PROVIDE_C5909467,PROVIDE,1,0
1511,urn:wtsi:424971_A08_PROVIDE_C5909476,PROVIDE,0,0
1525,urn:wtsi:424971_A09_PROVIDE_C5909486,PROVIDE,0,0
1529,urn:wtsi:424971_A10_PROVIDE_C5909495,PROVIDE,0,2
1543,urn:wtsi:424971_A11_PROVIDE_C5909503,PROVIDE,0,1
1542,urn:wtsi:424971_A12_PROVIDE_C5909511,PROVIDE,0,0
1119,urn:wtsi:424971_B01_PROVIDE_C5909406,PROVIDE,0,1
1180,urn:wtsi:424971_B03_PROVIDE_C5909430,PROVIDE,0,1
1162,urn:wtsi:424971_B04_PROVIDE_C5909441,PROVIDE,0,0
1196,urn:wtsi:424971_B05_PROVIDE_C5909450,PROVIDE,0,0
1448,urn:wtsi:424971_B06_PROVIDE_C5909460,PROVIDE,0,0
1500,urn:wtsi:424971_B07_PROVIDE_C5909468,PROVIDE,0,0
1499,urn:wtsi:424971_B08_PROVIDE_C5909478,PROVIDE,0,1
1517,urn:wtsi:424971_B09_PROVIDE_C5909487,PROVIDE,0,0
1531,urn:wtsi:424971_B10_PROVIDE_C5909496,PROVIDE,0,0
1545,urn:wtsi:424971_B11_PROVIDE_C5909504,PROVIDE,0,0
1117,urn:wtsi:424971_C01_PROVIDE_C5909409,PROVIDE,0,0
1167,urn:wtsi:424971_C02_PROVIDE_C5909418,PROVIDE,0,0
1160,urn:wtsi:424971_C03_PROVIDE_C5909433,PROVIDE,1,0
1184,urn:wtsi:424971_C04_PROVIDE_C5909442,PROVIDE,1,1
1309,urn:wtsi:424971_C05_PROVIDE_C5909452,PROVIDE,1,1
1476,urn:wtsi:424971_C06_PROVIDE_C5909461,PROVIDE,0,0
1493,urn:wtsi:424971_C07_PROVIDE_C5909470,PROVIDE,0,0
1505,urn:wtsi:424971_C08_PROVIDE_C5909479,PROVIDE,0,1
1519,urn:wtsi:424971_C09_PROVIDE_C5909488,PROVIDE,1,0
1520,urn:wtsi:424971_C10_PROVIDE_C5909497,PROVIDE,0,0
1506,urn:wtsi:424971_C11_PROVIDE_C5909505,PROVIDE,0,0
1546,urn:wtsi:424971_C12_PROVIDE_C5909513,PROVIDE,0,0
1123,urn:wtsi:424971_D01_PROVIDE_C5909410,PROVIDE,1,1
1139,urn:wtsi:424971_D02_PROVIDE_C5909419,PROVIDE,0,0
1172,urn:wtsi:424971_D03_PROVIDE_C5909434,PROVIDE,0,0
1186,urn:wtsi:424971_D04_PROVIDE_C5909443,PROVIDE,0,0
1322,urn:wtsi:424971_D05_PROVIDE_C5909454,PROVIDE,0,1
1490,urn:wtsi:424971_D06_PROVIDE_C5909462,PROVIDE,1,1
1489,urn:wtsi:424971_D07_PROVIDE_C5909471,PROVIDE,1,0
1508,urn:wtsi:424971_D08_PROVIDE_C5909480,PROVIDE,1,0
1510,urn:wtsi:424971_D09_PROVIDE_C5909489,PROVIDE,2,0
1535,urn:wtsi:424971_D10_PROVIDE_C5909498,PROVIDE,0,1
1523,urn:wtsi:424971_D11_PROVIDE_C5909506,PROVIDE,1,1
1549,urn:wtsi:424971_D12_PROVIDE_C5909514,PROVIDE,0,0
1156,urn:wtsi:424971_E01_PROVIDE_C5909412,PROVIDE,1,0
1161,urn:wtsi:424971_E02_PROVIDE_C5909420,PROVIDE,1,0
1181,urn:wtsi:424971_E03_PROVIDE_C5909435,PROVIDE,1,0
1191,urn:wtsi:424971_E04_PROVIDE_C5909444,PROVIDE,0,0
1338,urn:wtsi:424971_E05_PROVIDE_C5909455,PROVIDE,1,0
1501,urn:wtsi:424971_E07_PROVIDE_C5909472,PROVIDE,1,1
1509,urn:wtsi:424971_E08_PROVIDE_C5909481,PROVIDE,0,0
1526,urn:wtsi:424971_E09_PROVIDE_C5909490,PROVIDE,0,0
1540,urn:wtsi:424971_E10_PROVIDE_C5909499,PROVIDE,0,0
1534,urn:wtsi:424971_E11_PROVIDE_C5909507,PROVIDE,1,0
1562,urn:wtsi:424971_E12_PROVIDE_C5909515,PROVIDE,2,0
1153,urn:wtsi:424971_F01_PROVIDE_C5909413,PROVIDE,0,1
1163,urn:wtsi:424971_F02_PROVIDE_C5909421,PROVIDE,1,0
1171,urn:wtsi:424971_F03_PROVIDE_C5909436,PROVIDE,0,0
1190,urn:wtsi:424971_F04_PROVIDE_C5909446,PROVIDE,0,0
1333,urn:wtsi:424971_F05_PROVIDE_C5909456,PROVIDE,2,-9
1502,urn:wtsi:424971_F06_PROVIDE_C5909464,PROVIDE,0,0
1507,urn:wtsi:424971_F07_PROVIDE_C5909473,PROVIDE,1,0
1515,urn:wtsi:424971_F08_PROVIDE_C5909483,PROVIDE,1,0
1527,urn:wtsi:424971_F09_PROVIDE_C5909491,PROVIDE,1,2
1532,urn:wtsi:424971_F10_PROVIDE_C5909500,PROVIDE,1,1
1541,urn:wtsi:424971_F11_PROVIDE_C5909508,PROVIDE,0,1
1558,urn:wtsi:424971_F12_PROVIDE_C5909516,PROVIDE,0,0
1155,urn:wtsi:424971_G01_PROVIDE_C5909414,PROVIDE,0,0
1166,urn:wtsi:424971_G02_PROVIDE_C5909422,PROVIDE,0,0
1178,urn:wtsi:424971_G03_PROVIDE_C5909437,PROVIDE,0,0
1164,urn:wtsi:424971_G04_PROVIDE_C5909447,PROVIDE,0,1
1339,urn:wtsi:424971_G05_PROVIDE_C5909457,PROVIDE,1,1
1503,urn:wtsi:424971_G06_PROVIDE_C5909465,PROVIDE,0,1
1513,urn:wtsi:424971_G07_PROVIDE_C5909474,PROVIDE,0,0
1516,urn:wtsi:424971_G08_PROVIDE_C5909484,PROVIDE,0,1
1521,urn:wtsi:424971_G09_PROVIDE_C5909492,PROVIDE,0,1
1537,urn:wtsi:424971_G10_PROVIDE_C5909501,PROVIDE,2,0
1538,urn:wtsi:424971_G11_PROVIDE_C5909509,PROVIDE,0,0
1495,urn:wtsi:424971_G12_PROVIDE_C5909517,PROVIDE,0,1
1154,urn:wtsi:424971_H01_PROVIDE_C5909415,PROVIDE,0,1
1169,urn:wtsi:424971_H02_PROVIDE_C5909425,PROVIDE,0,0
1189,urn:wtsi:424971_H03_PROVIDE_C5909438,PROVIDE,0,0
1195,urn:wtsi:424971_H04_PROVIDE_C5909448,PROVIDE,0,0
1434,urn:wtsi:424971_H05_PROVIDE_C5909458,PROVIDE,1,1
1494,urn:wtsi:424971_H06_PROVIDE_C5909466,PROVIDE,0,0
1512,urn:wtsi:424971_H07_PROVIDE_C5909475,PROVIDE,1,0
1518,urn:wtsi:424971_H08_PROVIDE_C5909485,PROVIDE,1,0
1530,urn:wtsi:424971_H09_PROVIDE_C5909494,PROVIDE,0,1
1536,urn:wtsi:424971_H10_PROVIDE_C5909502,PROVIDE,0,0
1539,urn:wtsi:424971_H11_PROVIDE_C5909510,PROVIDE,0,0
1504,urn:wtsi:424971_H12_PROVIDE_C5909518,PROVIDE,1,0
1544,urn:wtsi:424972_A01_PROVIDE_C5909519,PROVIDE,0,0
1563,urn:wtsi:424972_A02_PROVIDE_C5909527,PROVIDE,1,1
1573,urn:wtsi:424972_A03_PROVIDE_C5909535,PROVIDE,1,1
1579,urn:wtsi:424972_A04_PROVIDE_C5909543,PROVIDE,0,0
1592,urn:wtsi:424972_A05_PROVIDE_C5909551,PROVIDE,0,0
1586,urn:wtsi:424972_A06_PROVIDE_C5909559,PROVIDE,1,1
1602,urn:wtsi:424972_A07_PROVIDE_C5909568,PROVIDE,0,0
1615,urn:wtsi:424972_A08_PROVIDE_C5909576,PROVIDE,0,0
1626,urn:wtsi:424972_A09_PROVIDE_C5909584,PROVIDE,0,1
1632,urn:wtsi:424972_A10_PROVIDE_C5909592,PROVIDE,0,0
1637,urn:wtsi:424972_A11_PROVIDE_C5909600,PROVIDE,1,2
1650,urn:wtsi:424972_A12_PROVIDE_C5909608,PROVIDE,0,1
1551,urn:wtsi:424972_B01_PROVIDE_C5909520,PROVIDE,0,0
1564,urn:wtsi:424972_B02_PROVIDE_C5909528,PROVIDE,1,0
1570,urn:wtsi:424972_B03_PROVIDE_C5909536,PROVIDE,0,0
1583,urn:wtsi:424972_B04_PROVIDE_C5909544,PROVIDE,1,1
1588,urn:wtsi:424972_B05_PROVIDE_C5909552,PROVIDE,2,0
1598,urn:wtsi:424972_B06_PROVIDE_C5909560,PROVIDE,0,1
1601,urn:wtsi:424972_B07_PROVIDE_C5909569,PROVIDE,1,0
1622,urn:wtsi:424972_B08_PROVIDE_C5909577,PROVIDE,0,0
1628,urn:wtsi:424972_B09_PROVIDE_C5909585,PROVIDE,0,1
1633,urn:wtsi:424972_B10_PROVIDE_C5909593,PROVIDE,0,0
1647,urn:wtsi:424972_B12_PROVIDE_C5909609,PROVIDE,1,0
1553,urn:wtsi:424972_C01_PROVIDE_C5909521,PROVIDE,0,0
1560,urn:wtsi:424972_C02_PROVIDE_C5909529,PROVIDE,1,0
1568,urn:wtsi:424972_C03_PROVIDE_C5909537,PROVIDE,0,1
1575,urn:wtsi:424972_C04_PROVIDE_C5909545,PROVIDE,1,0
1593,urn:wtsi:424972_C05_PROVIDE_C5909553,PROVIDE,0,0
1605,urn:wtsi:424972_C06_PROVIDE_C5909561,PROVIDE,0,0
1606,urn:wtsi:424972_C07_PROVIDE_C5909570,PROVIDE,0,1
1614,urn:wtsi:424972_C08_PROVIDE_C5909578,PROVIDE,1,0
1627,urn:wtsi:424972_C09_PROVIDE_C5909586,PROVIDE,0,1
1635,urn:wtsi:424972_C10_PROVIDE_C5909594,PROVIDE,1,0
1640,urn:wtsi:424972_C11_PROVIDE_C5909602,PROVIDE,0,0
1653,urn:wtsi:424972_C12_PROVIDE_C5909610,PROVIDE,1,0
1554,urn:wtsi:424972_D01_PROVIDE_C5909522,PROVIDE,1,0
1569,urn:wtsi:424972_D02_PROVIDE_C5909530,PROVIDE,1,0
1576,urn:wtsi:424972_D03_PROVIDE_C5909538,PROVIDE,0,1
1582,urn:wtsi:424972_D04_PROVIDE_C5909546,PROVIDE,0,0
1595,urn:wtsi:424972_D05_PROVIDE_C5909554,PROVIDE,0,1
1599,urn:wtsi:424972_D06_PROVIDE_C5909562,PROVIDE,0,0
1607,urn:wtsi:424972_D07_PROVIDE_C5909571,PROVIDE,0,0
1617,urn:wtsi:424972_D08_PROVIDE_C5909579,PROVIDE,1,0
1629,urn:wtsi:424972_D09_PROVIDE_C5909587,PROVIDE,0,1
1636,urn:wtsi:424972_D10_PROVIDE_C5909595,PROVIDE,1,0
1649,urn:wtsi:424972_D11_PROVIDE_C5909603,PROVIDE,1,0
1654,urn:wtsi:424972_D12_PROVIDE_C5909611,PROVIDE,0,0
1557,urn:wtsi:424972_E01_PROVIDE_C5909523,PROVIDE,0,0
1577,urn:wtsi:424972_E03_PROVIDE_C5909539,PROVIDE,0,0
1584,urn:wtsi:424972_E04_PROVIDE_C5909547,PROVIDE,1,0
1591,urn:wtsi:424972_E05_PROVIDE_C5909555,PROVIDE,1,0
1604,urn:wtsi:424972_E06_PROVIDE_C5909563,PROVIDE,1,0
1611,urn:wtsi:424972_E07_PROVIDE_C5909572,PROVIDE,0,1
1619,urn:wtsi:424972_E08_PROVIDE_C5909580,PROVIDE,1,0
1625,urn:wtsi:424972_E09_PROVIDE_C5909588,PROVIDE,0,0
1634,urn:wtsi:424972_E10_PROVIDE_C5909596,PROVIDE,0,0
1646,urn:wtsi:424972_E11_PROVIDE_C5909604,PROVIDE,0,0
1655,urn:wtsi:424972_E12_PROVIDE_C5909612,PROVIDE,0,0
1559,urn:wtsi:424972_F01_PROVIDE_C5909524,PROVIDE,0,0
1572,urn:wtsi:424972_F02_PROVIDE_C5909532,PROVIDE,1,1
1581,urn:wtsi:424972_F03_PROVIDE_C5909540,PROVIDE,1,0
1589,urn:wtsi:424972_F04_PROVIDE_C5909548,PROVIDE,1,0
1597,urn:wtsi:424972_F05_PROVIDE_C5909556,PROVIDE,0,0
1610,urn:wtsi:424972_F06_PROVIDE_C5909564,PROVIDE,1,1
1616,urn:wtsi:424972_F07_PROVIDE_C5909573,PROVIDE,0,1
1621,urn:wtsi:424972_F08_PROVIDE_C5909581,PROVIDE,0,0
1630,urn:wtsi:424972_F09_PROVIDE_C5909589,PROVIDE,0,0
1639,urn:wtsi:424972_F10_PROVIDE_C5909597,PROVIDE,0,1
1642,urn:wtsi:424972_F11_PROVIDE_C5909605,PROVIDE,1,0
1657,urn:wtsi:424972_F12_PROVIDE_C5909613,PROVIDE,0,1
1556,urn:wtsi:424972_G01_PROVIDE_C5909525,PROVIDE,2,0
1565,urn:wtsi:424972_G02_PROVIDE_C5909533,PROVIDE,0,0
1580,urn:wtsi:424972_G03_PROVIDE_C5909541,PROVIDE,0,1
1585,urn:wtsi:424972_G04_PROVIDE_C5909549,PROVIDE,0,1
1594,urn:wtsi:424972_G05_PROVIDE_C5909557,PROVIDE,1,0
1603,urn:wtsi:424972_G06_PROVIDE_C5909566,PROVIDE,1,0
1612,urn:wtsi:424972_G07_PROVIDE_C5909574,PROVIDE,1,0
1623,urn:wtsi:424972_G08_PROVIDE_C5909582,PROVIDE,1,1
1618,urn:wtsi:424972_G09_PROVIDE_C5909590,PROVIDE,0,0
1648,urn:wtsi:424972_G10_PROVIDE_C5909598,PROVIDE,0,0
1652,urn:wtsi:424972_G11_PROVIDE_C5909606,PROVIDE,0,0
1456,urn:wtsi:424972_G12_PROVIDE_C5909614,PROVIDE,0,0
1561,urn:wtsi:424972_H01_PROVIDE_C5909526,PROVIDE,0,0
1567,urn:wtsi:424972_H02_PROVIDE_C5909534,PROVIDE,0,0
1578,urn:wtsi:424972_H03_PROVIDE_C5909542,PROVIDE,0,0
1590,urn:wtsi:424972_H04_PROVIDE_C5909550,PROVIDE,0,0
1600,urn:wtsi:424972_H05_PROVIDE_C5909558,PROVIDE,0,1
1609,urn:wtsi:424972_H06_PROVIDE_C5909567,PROVIDE,0,0
1613,urn:wtsi:424972_H07_PROVIDE_C5909575,PROVIDE,0,0
1624,urn:wtsi:424972_H08_PROVIDE_C5909583,PROVIDE,2,1
1631,urn:wtsi:424972_H09_PROVIDE_C5909591,PROVIDE,0,1
1644,urn:wtsi:424972_H10_PROVIDE_C5909599,PROVIDE,0,0
1638,urn:wtsi:424972_H11_PROVIDE_C5909607,PROVIDE,1,1
1656,urn:wtsi:424972_H12_PROVIDE_C5909615,PROVIDE,0,0
3104,urn:wtsi:483274_A08_crypto_vacgen6612261,cryptocohort,0,0
3124,urn:wtsi:483274_A09_crypto_vacgen6612269,cryptocohort,0,0
3161,urn:wtsi:483274_A10_crypto_vacgen6612277,cryptocohort,1,1
3155,urn:wtsi:483274_A11_crypto_vacgen6612285,cryptocohort,0,0
3185,urn:wtsi:483274_A12_crypto_vacgen6612293,cryptocohort,0,0
3049,urn:wtsi:483274_B01_crypto_vacgen6612206,cryptocohort,0,0
3028,urn:wtsi:483274_B03_crypto_vacgen6612222,cryptocohort,0,1
3088,urn:wtsi:483274_B04_crypto_vacgen6612230,cryptocohort,0,1
3114,urn:wtsi:483274_B05_crypto_vacgen6612238,cryptocohort,1,1
3136,urn:wtsi:483274_B06_crypto_vacgen6612246,cryptocohort,0,0
3086,urn:wtsi:483274_B07_crypto_vacgen6612254,cryptocohort,1,0
3131,urn:wtsi:483274_B09_crypto_vacgen6612270,cryptocohort,0,0
3138,urn:wtsi:483274_B10_crypto_vacgen6612278,cryptocohort,1,0
3173,urn:wtsi:483274_B11_crypto_vacgen6612286,cryptocohort,0,0
3208,urn:wtsi:483274_B12_crypto_vacgen6612294,cryptocohort,1,0
3042,urn:wtsi:483274_C02_crypto_vacgen6612215,cryptocohort,0,1
3066,urn:wtsi:483274_C03_crypto_vacgen6612223,cryptocohort,0,1
3031,urn:wtsi:483274_C04_crypto_vacgen6612231,cryptocohort,2,1
3090,urn:wtsi:483274_C05_crypto_vacgen6612239,cryptocohort,0,2
3115,urn:wtsi:483274_C06_crypto_vacgen6612247,cryptocohort,0,0
3101,urn:wtsi:483274_C07_crypto_vacgen6612255,cryptocohort,1,0
3074,urn:wtsi:483274_C08_crypto_vacgen6612263,cryptocohort,0,0
3125,urn:wtsi:483274_C09_crypto_vacgen6612271,cryptocohort,1,1
3162,urn:wtsi:483274_C10_crypto_vacgen6612279,cryptocohort,1,0
3134,urn:wtsi:483274_C11_crypto_vacgen6612287,cryptocohort,1,0
3163,urn:wtsi:483274_C12_crypto_vacgen6612295,cryptocohort,0,1
3009,urn:wtsi:483274_D01_crypto_vacgen6612208,cryptocohort,0,0
3024,urn:wtsi:483274_D02_crypto_vacgen6612216,cryptocohort,0,0
3063,urn:wtsi:483274_D03_crypto_vacgen6612224,cryptocohort,0,0
3069,urn:wtsi:483274_D04_crypto_vacgen6612232,cryptocohort,0,1
3093,urn:wtsi:483274_D05_crypto_vacgen6612240,cryptocohort,1,0
3092,urn:wtsi:483274_D06_crypto_vacgen6612248,cryptocohort,0,1
3095,urn:wtsi:483274_D07_crypto_vacgen6612256,cryptocohort,0,0
3119,urn:wtsi:483274_D09_crypto_vacgen6612272,cryptocohort,0,0
3170,urn:wtsi:483274_D10_crypto_vacgen6612280,cryptocohort,1,1
3149,urn:wtsi:483274_D11_crypto_vacgen6612288,cryptocohort,0,0
3169,urn:wtsi:483274_D12_crypto_vacgen6612296,cryptocohort,1,1
3010,urn:wtsi:483274_E01_crypto_vacgen6612209,cryptocohort,0,0
3065,urn:wtsi:483274_E03_crypto_vacgen6612225,cryptocohort,1,1
3002,urn:wtsi:483274_E04_crypto_vacgen6612233,cryptocohort,0,0
3097,urn:wtsi:483274_E05_crypto_vacgen6612241,cryptocohort,1,1
3061,urn:wtsi:483274_E06_crypto_vacgen6612249,cryptocohort,2,1
3091,urn:wtsi:483274_E07_crypto_vacgen6612257,cryptocohort,1,0
3108,urn:wtsi:483274_E08_crypto_vacgen6612265,cryptocohort,0,0
3176,urn:wtsi:483274_E10_crypto_vacgen6612281,cryptocohort,1,0
3175,urn:wtsi:483274_E11_crypto_vacgen6612289,cryptocohort,0,1
3172,urn:wtsi:483274_E12_crypto_vacgen6612297,cryptocohort,1,0
3070,urn:wtsi:483274_F01_crypto_vacgen6612210,cryptocohort,0,1
3013,urn:wtsi:483274_F02_crypto_vacgen6612218,cryptocohort,1,0
3062,urn:wtsi:483274_F03_crypto_vacgen6612226,cryptocohort,0,1
3006,urn:wtsi:483274_F04_crypto_vacgen6612234,cryptocohort,0,0
3094,urn:wtsi:483274_F05_crypto_vacgen6612242,cryptocohort,1,1
3113,urn:wtsi:483274_F07_crypto_vacgen6612258,cryptocohort,1,0
3128,urn:wtsi:483274_F08_crypto_vacgen6612266,cryptocohort,0,0
3132,urn:wtsi:483274_F09_crypto_vacgen6612274,cryptocohort,1,1
3157,urn:wtsi:483274_F10_crypto_vacgen6612282,cryptocohort,0,0
3133,urn:wtsi:483274_F11_crypto_vacgen6612290,cryptocohort,1,0
3196,urn:wtsi:483274_F12_crypto_vacgen6612298,cryptocohort,0,0
3008,urn:wtsi:483274_G01_crypto_vacgen6612211,cryptocohort,0,1
3033,urn:wtsi:483274_G02_crypto_vacgen6612219,cryptocohort,1,1
3016,urn:wtsi:483274_G03_crypto_vacgen6612227,cryptocohort,0,0
3076,urn:wtsi:483274_G04_crypto_vacgen6612235,cryptocohort,0,0
3081,urn:wtsi:483274_G05_crypto_vacgen6612243,cryptocohort,1,1
3111,urn:wtsi:483274_G06_crypto_vacgen6612251,cryptocohort,1,0
3117,urn:wtsi:483274_G07_crypto_vacgen6612259,cryptocohort,0,1
3121,urn:wtsi:483274_G08_crypto_vacgen6612267,cryptocohort,1,0
3127,urn:wtsi:483274_G09_crypto_vacgen6612275,cryptocohort,0,1
3137,urn:wtsi:483274_G10_crypto_vacgen6612283,cryptocohort,1,1
3180,urn:wtsi:483274_G12_crypto_vacgen6612299,cryptocohort,1,-9
3030,urn:wtsi:483274_H01_crypto_vacgen6612212,cryptocohort,0,0
3073,urn:wtsi:483274_H04_crypto_vacgen6612236,cryptocohort,0,0
3080,urn:wtsi:483274_H05_crypto_vacgen6612244,cryptocohort,2,0
3077,urn:wtsi:483274_H06_crypto_vacgen6612252,cryptocohort,0,0
3089,urn:wtsi:483274_H07_crypto_vacgen6612260,cryptocohort,1,0
3110,urn:wtsi:483274_H08_crypto_vacgen6612268,cryptocohort,2,0
3150,urn:wtsi:483274_H09_crypto_vacgen6612276,cryptocohort,0,0
3189,urn:wtsi:483274_H10_crypto_vacgen6612284,cryptocohort,1,0
3147,urn:wtsi:483274_H11_crypto_vacgen6612292,cryptocohort,1,0
3206,urn:wtsi:483275_A01_crypto_vacgen6612302,cryptocohort,0,1
3164,urn:wtsi:483275_A02_crypto_vacgen6612310,cryptocohort,1,1
3221,urn:wtsi:483275_A03_crypto_vacgen6612318,cryptocohort,0,0
3228,urn:wtsi:483275_A04_crypto_vacgen6612326,cryptocohort,1,1
3249,urn:wtsi:483275_A05_crypto_vacgen6612334,cryptocohort,1,0
3256,urn:wtsi:483275_A06_crypto_vacgen6612342,cryptocohort,1,1
3291,urn:wtsi:483275_A08_crypto_vacgen6612358,cryptocohort,0,1
3294,urn:wtsi:483275_A09_crypto_vacgen6612366,cryptocohort,2,0
3315,urn:wtsi:483275_A11_crypto_vacgen6612382,cryptocohort,0,0
3352,urn:wtsi:483275_A12_crypto_vacgen6612392,cryptocohort,0,0
3139,urn:wtsi:483275_B01_crypto_vacgen6612303,cryptocohort,0,0
3187,urn:wtsi:483275_B02_crypto_vacgen6612311,cryptocohort,1,0
3226,urn:wtsi:483275_B03_crypto_vacgen6612319,cryptocohort,0,0
3213,urn:wtsi:483275_B04_crypto_vacgen6612327,cryptocohort,1,0
3247,urn:wtsi:483275_B06_crypto_vacgen6612343,cryptocohort,1,1
3263,urn:wtsi:483275_B07_crypto_vacgen6612351,cryptocohort,0,0
3268,urn:wtsi:483275_B08_crypto_vacgen6612359,cryptocohort,0,0
3281,urn:wtsi:483275_B09_crypto_vacgen6612367,cryptocohort,0,1
3320,urn:wtsi:483275_B11_crypto_vacgen6612383,cryptocohort,0,0
3357,urn:wtsi:483275_B12_crypto_vacgen6612393,cryptocohort,0,0
3168,urn:wtsi:483275_C01_crypto_vacgen6612304,cryptocohort,1,0
3184,urn:wtsi:483275_C02_crypto_vacgen6612312,cryptocohort,0,0
3234,urn:wtsi:483275_C03_crypto_vacgen6612320,cryptocohort,0,1
3258,urn:wtsi:483275_C05_crypto_vacgen6612336,cryptocohort,0,0
3277,urn:wtsi:483275_C07_crypto_vacgen6612352,cryptocohort,0,0
3286,urn:wtsi:483275_C08_crypto_vacgen6612360,cryptocohort,1,0
3338,urn:wtsi:483275_C09_crypto_vacgen6612368,cryptocohort,1,0
3348,urn:wtsi:483275_C11_crypto_vacgen6612384,cryptocohort,1,0
3350,urn:wtsi:483275_C12_crypto_vacgen6612394,cryptocohort,0,0
3197,urn:wtsi:483275_D01_crypto_vacgen6612305,cryptocohort,0,0
3214,urn:wtsi:483275_D02_crypto_vacgen6612313,cryptocohort,1,1
3171,urn:wtsi:483275_D03_crypto_vacgen6612321,cryptocohort,0,1
3218,urn:wtsi:483275_D04_crypto_vacgen6612329,cryptocohort,0,1
3267,urn:wtsi:483275_D05_crypto_vacgen6612337,cryptocohort,0,0
3260,urn:wtsi:483275_D06_crypto_vacgen6612345,cryptocohort,1,1
3290,urn:wtsi:483275_D07_crypto_vacgen6612353,cryptocohort,1,0
3307,urn:wtsi:483275_D08_crypto_vacgen6612361,cryptocohort,0,1
3295,urn:wtsi:483275_D09_crypto_vacgen6612369,cryptocohort,0,1
3314,urn:wtsi:483275_D11_crypto_vacgen6612385,cryptocohort,0,0
3351,urn:wtsi:483275_D12_crypto_vacgen6612395,cryptocohort,0,1
3202,urn:wtsi:483275_E01_crypto_vacgen6612306,cryptocohort,2,0
3194,urn:wtsi:483275_E02_crypto_vacgen6612314,cryptocohort,0,0
3229,urn:wtsi:483275_E03_crypto_vacgen6612322,cryptocohort,0,1
3254,urn:wtsi:483275_E04_crypto_vacgen6612330,cryptocohort,0,1
3186,urn:wtsi:483275_E05_crypto_vacgen6612338,cryptocohort,1,-9
3242,urn:wtsi:483275_E06_crypto_vacgen6612346,cryptocohort,0,0
3319,urn:wtsi:483275_E08_crypto_vacgen6612362,cryptocohort,0,0
3355,urn:wtsi:483275_E09_crypto_vacgen6612370,cryptocohort,1,0
3312,urn:wtsi:483275_E10_crypto_vacgen6612378,cryptocohort,0,0
3329,urn:wtsi:483275_E11_crypto_vacgen6612386,cryptocohort,1,0
3308,urn:wtsi:483275_E12_crypto_vacgen6612397,cryptocohort,0,0
3144,urn:wtsi:483275_F01_crypto_vacgen6612307,cryptocohort,1,0
3205,urn:wtsi:483275_F02_crypto_vacgen6612315,cryptocohort,0,1
3235,urn:wtsi:483275_F03_crypto_vacgen6612323,cryptocohort,0,1
3217,urn:wtsi:483275_F04_crypto_vacgen6612331,cryptocohort,0,0
3252,urn:wtsi:483275_F05_crypto_vacgen6612339,cryptocohort,1,0
3276,urn:wtsi:483275_F06_crypto_vacgen6612347,cryptocohort,0,0
3284,urn:wtsi:483275_F07_crypto_vacgen6612355,cryptocohort,0,0
3322,urn:wtsi:483275_F08_crypto_vacgen6612363,cryptocohort,2,0
3298,urn:wtsi:483275_F09_crypto_vacgen6612371,cryptocohort,0,1
3323,urn:wtsi:483275_F10_crypto_vacgen6612379,cryptocohort,0,0
3341,urn:wtsi:483275_F11_crypto_vacgen6612388,cryptocohort,1,1
3342,urn:wtsi:483275_F12_crypto_vacgen6612398,cryptocohort,0,0
3222,urn:wtsi:483275_G01_crypto_vacgen6612308,cryptocohort,0,1
3156,urn:wtsi:483275_G02_crypto_vacgen6612316,cryptocohort,0,1
3220,urn:wtsi:483275_G03_crypto_vacgen6612324,cryptocohort,0,0
3240,urn:wtsi:483275_G04_crypto_vacgen6612332,cryptocohort,0,0
3253,urn:wtsi:483275_G05_crypto_vacgen6612340,cryptocohort,0,1
3289,urn:wtsi:483275_G06_crypto_vacgen6612348,cryptocohort,1,0
3293,urn:wtsi:483275_G07_crypto_vacgen6612356,cryptocohort,0,0
3300,urn:wtsi:483275_G08_crypto_vacgen6612364,cryptocohort,0,0
3288,urn:wtsi:483275_G09_crypto_vacgen6612372,cryptocohort,2,1
3346,urn:wtsi:483275_G10_crypto_vacgen6612380,cryptocohort,0,0
3331,urn:wtsi:483275_G11_crypto_vacgen6612390,cryptocohort,0,-9
3306,urn:wtsi:483275_G12_crypto_vacgen6612399,cryptocohort,0,0
3179,urn:wtsi:483275_H02_crypto_vacgen6612317,cryptocohort,0,0
3236,urn:wtsi:483275_H03_crypto_vacgen6612325,cryptocohort,0,0
3245,urn:wtsi:483275_H04_crypto_vacgen6612333,cryptocohort,1,0
3259,urn:wtsi:483275_H05_crypto_vacgen6612341,cryptocohort,0,0
3262,urn:wtsi:483275_H06_crypto_vacgen6612349,cryptocohort,0,1
3301,urn:wtsi:483275_H07_crypto_vacgen6612357,cryptocohort,0,0
3313,urn:wtsi:483275_H08_crypto_vacgen6612365,cryptocohort,0,0
3279,urn:wtsi:483275_H09_crypto_vacgen6612373,cryptocohort,0,0
3347,urn:wtsi:483275_H11_crypto_vacgen6612391,cryptocohort,1,0
3332,urn:wtsi:483275_H12_crypto_vacgen6612400,cryptocohort,0,0
3343,urn:wtsi:483276_A01_crypto_vacgen6612401,cryptocohort,1,0
3388,urn:wtsi:483276_A02_crypto_vacgen6612409,cryptocohort,0,0
3401,urn:wtsi:483276_A04_crypto_vacgen6612425,cryptocohort,0,0
3542,urn:wtsi:483276_A05_crypto_vacgen6612435,cryptocohort,1,0
3514,urn:wtsi:483276_A06_crypto_vacgen6612445,cryptocohort,1,1
3533,urn:wtsi:483276_A07_crypto_vacgen6612453,cryptocohort,0,0
3523,urn:wtsi:483276_A08_crypto_vacgen6612462,cryptocohort,0,0
3551,urn:wtsi:483276_A09_crypto_vacgen6612470,cryptocohort,0,1
3558,urn:wtsi:483276_A10_crypto_vacgen6612479,cryptocohort,0,0
3584,urn:wtsi:483276_A11_crypto_vacgen6612487,cryptocohort,0,0
3572,urn:wtsi:483276_A12_crypto_vacgen6612497,cryptocohort,0,0
3376,urn:wtsi:483276_B01_crypto_vacgen6612402,cryptocohort,0,0
3359,urn:wtsi:483276_B02_crypto_vacgen6612410,cryptocohort,1,1
3362,urn:wtsi:483276_B04_crypto_vacgen6612426,cryptocohort,0,0
3501,urn:wtsi:483276_B05_crypto_vacgen6612436,cryptocohort,1,0
3511,urn:wtsi:483276_B06_crypto_vacgen6612446,cryptocohort,0,0
3531,urn:wtsi:483276_B08_crypto_vacgen6612463,cryptocohort,0,0
3549,urn:wtsi:483276_B09_crypto_vacgen6612472,cryptocohort,1,1
3562,urn:wtsi:483276_B10_crypto_vacgen6612480,cryptocohort,1,1
3571,urn:wtsi:483276_B11_crypto_vacgen6612488,cryptocohort,1,1
3587,urn:wtsi:483276_B12_crypto_vacgen6612498,cryptocohort,0,0
3353,urn:wtsi:483276_C01_crypto_vacgen6612403,cryptocohort,0,0
3389,urn:wtsi:483276_C02_crypto_vacgen6612411,cryptocohort,0,1
3385,urn:wtsi:483276_C03_crypto_vacgen6612419,cryptocohort,0,0
3526,urn:wtsi:483276_C05_crypto_vacgen6612437,cryptocohort,0,0
3516,urn:wtsi:483276_C06_crypto_vacgen6612447,cryptocohort,0,1
3537,urn:wtsi:483276_C07_crypto_vacgen6612455,cryptocohort,0,0
3519,urn:wtsi:483276_C09_crypto_vacgen6612473,cryptocohort,1,0
3550,urn:wtsi:483276_C10_crypto_vacgen6612481,cryptocohort,0,0
3563,urn:wtsi:483276_C11_crypto_vacgen6612490,cryptocohort,0,0
3576,urn:wtsi:483276_C12_crypto_vacgen6612499,cryptocohort,1,1
3345,urn:wtsi:483276_D01_crypto_vacgen6612404,cryptocohort,1,1
3339,urn:wtsi:483276_D02_crypto_vacgen6612412,cryptocohort,0,0
3508,urn:wtsi:483276_D04_crypto_vacgen6612428,cryptocohort,1,0
3515,urn:wtsi:483276_D05_crypto_vacgen6612438,cryptocohort,0,0
3536,urn:wtsi:483276_D07_crypto_vacgen6612456,cryptocohort,0,0
3564,urn:wtsi:483276_D10_crypto_vacgen6612482,cryptocohort,0,0
3565,urn:wtsi:483276_D11_crypto_vacgen6612491,cryptocohort,2,1
3580,urn:wtsi:483276_D12_crypto_vacgen6612500,cryptocohort,0,0
3377,urn:wtsi:483276_E01_crypto_vacgen6612405,cryptocohort,0,-9
3383,urn:wtsi:483276_E02_crypto_vacgen6612413,cryptocohort,0,0
3386,urn:wtsi:483276_E03_crypto_vacgen6612421,cryptocohort,0,-9
3541,urn:wtsi:483276_E04_crypto_vacgen6612430,cryptocohort,0,1
3534,urn:wtsi:483276_E05_crypto_vacgen6612439,cryptocohort,0,0
3529,urn:wtsi:483276_E06_crypto_vacgen6612449,cryptocohort,0,0
3540,urn:wtsi:483276_E07_crypto_vacgen6612457,cryptocohort,0,0
3554,urn:wtsi:483276_E09_crypto_vacgen6612475,cryptocohort,0,0
3557,urn:wtsi:483276_E10_crypto_vacgen6612483,cryptocohort,0,1
3559,urn:wtsi:483276_E11_crypto_vacgen6612493,cryptocohort,1,1
3555,urn:wtsi:483276_E12_crypto_vacgen6612501,cryptocohort,0,0
3400,urn:wtsi:483276_F02_crypto_vacgen6612414,cryptocohort,0,0
3372,urn:wtsi:483276_F03_crypto_vacgen6612422,cryptocohort,0,0
3535,urn:wtsi:483276_F04_crypto_vacgen6612431,cryptocohort,0,0
3506,urn:wtsi:483276_F05_crypto_vacgen6612440,cryptocohort,1,1
3513,urn:wtsi:483276_F06_crypto_vacgen6612450,cryptocohort,1,1
3532,urn:wtsi:483276_F07_crypto_vacgen6612458,cryptocohort,1,0
3556,urn:wtsi:483276_F08_crypto_vacgen6612467,cryptocohort,1,1
3574,urn:wtsi:483276_F09_crypto_vacgen6612476,cryptocohort,0,0
3512,urn:wtsi:483276_F10_crypto_vacgen6612484,cryptocohort,1,0
3570,urn:wtsi:483276_F11_crypto_vacgen6612494,cryptocohort,0,0
3588,urn:wtsi:483276_F12_crypto_vacgen6612502,cryptocohort,1,1
3371,urn:wtsi:483276_G01_crypto_vacgen6612407,cryptocohort,0,0
3381,urn:wtsi:483276_G02_crypto_vacgen6612415,cryptocohort,1,1
3402,urn:wtsi:483276_G03_crypto_vacgen6612423,cryptocohort,1,-9
3528,urn:wtsi:483276_G04_crypto_vacgen6612432,cryptocohort,1,1
3504,urn:wtsi:483276_G05_crypto_vacgen6612441,cryptocohort,0,0
3502,urn:wtsi:483276_G06_crypto_vacgen6612451,cryptocohort,0,0
3505,urn:wtsi:483276_G07_crypto_vacgen6612459,cryptocohort,1,1
3509,urn:wtsi:483276_G08_crypto_vacgen6612468,cryptocohort,1,1
3553,urn:wtsi:483276_G09_crypto_vacgen6612477,cryptocohort,0,0
3569,urn:wtsi:483276_G10_crypto_vacgen6612485,cryptocohort,0,0
3567,urn:wtsi:483276_G11_crypto_vacgen6612495,cryptocohort,0,0
3575,urn:wtsi:483276_G12_crypto_vacgen6612503,cryptocohort,1,0
3374,urn:wtsi:483276_H01_crypto_vacgen6612408,cryptocohort,0,0
3397,urn:wtsi:483276_H03_crypto_vacgen6612424,cryptocohort,0,0
3522,urn:wtsi:483276_H04_crypto_vacgen6612434,cryptocohort,1,1
3521,urn:wtsi:483276_H05_crypto_vacgen6612442,cryptocohort,1,1
3539,urn:wtsi:483276_H06_crypto_vacgen6612452,cryptocohort,0,1
3544,urn:wtsi:483276_H07_crypto_vacgen6612460,cryptocohort,0,0
3545,urn:wtsi:483276_H09_crypto_vacgen6612478,cryptocohort,0,0
3527,urn:wtsi:483276_H10_crypto_vacgen6612486,cryptocohort,0,0
3568,urn:wtsi:483276_H11_crypto_vacgen6612496,cryptocohort,1,-9
3573,urn:wtsi:483276_H12_crypto_vacgen6612504,cryptocohort,0,0
3599,urn:wtsi:483277_A01_crypto_vacgen6612505,cryptocohort,0,0
3607,urn:wtsi:483277_A04_crypto_vacgen6612530,cryptocohort,0,0
3627,urn:wtsi:483277_A05_crypto_vacgen6612538,cryptocohort,0,0
3640,urn:wtsi:483277_A06_crypto_vacgen6612546,cryptocohort,0,0
3625,urn:wtsi:483277_A07_crypto_vacgen6612554,cryptocohort,1,0
3651,urn:wtsi:483277_A08_crypto_vacgen6612565,cryptocohort,0,0
3659,urn:wtsi:483277_A09_crypto_vacgen6612573,cryptocohort,0,0
3654,urn:wtsi:483277_A10_crypto_vacgen6612581,cryptocohort,1,0
3650,urn:wtsi:483277_A11_crypto_vacgen6612590,cryptocohort,0,0
3695,urn:wtsi:483277_A12_crypto_vacgen6612598,cryptocohort,0,0
3583,urn:wtsi:483277_B01_crypto_vacgen6612506,cryptocohort,0,1
3586,urn:wtsi:483277_B02_crypto_vacgen6612515,cryptocohort,1,0
3592,urn:wtsi:483277_B03_crypto_vacgen6612523,cryptocohort,0,0
3606,urn:wtsi:483277_B04_crypto_vacgen6612531,cryptocohort,1,0
3621,urn:wtsi:483277_B05_crypto_vacgen6612539,cryptocohort,0,0
3624,urn:wtsi:483277_B06_crypto_vacgen6612547,cryptocohort,1,0
3645,urn:wtsi:483277_B07_crypto_vacgen6612555,cryptocohort,0,0
3648,urn:wtsi:483277_B08_crypto_vacgen6612566,cryptocohort,0,1
3664,urn:wtsi:483277_B10_crypto_vacgen6612582,cryptocohort,0,0
3665,urn:wtsi:483277_B11_crypto_vacgen6612591,cryptocohort,0,1
3673,urn:wtsi:483277_B12_crypto_vacgen6612599,cryptocohort,1,1
3582,urn:wtsi:483277_C01_crypto_vacgen6612507,cryptocohort,0,0
3589,urn:wtsi:483277_C02_crypto_vacgen6612516,cryptocohort,1,0
3598,urn:wtsi:483277_C03_crypto_vacgen6612524,cryptocohort,1,1
3628,urn:wtsi:483277_C04_crypto_vacgen6612532,cryptocohort,0,0
3618,urn:wtsi:483277_C05_crypto_vacgen6612540,cryptocohort,0,1
3610,urn:wtsi:483277_C06_crypto_vacgen6612548,cryptocohort,0,0
3652,urn:wtsi:483277_C07_crypto_vacgen6612556,cryptocohort,0,0
3656,urn:wtsi:483277_C08_crypto_vacgen6612567,cryptocohort,0,1
3637,urn:wtsi:483277_C09_crypto_vacgen6612575,cryptocohort,0,0
3647,urn:wtsi:483277_C10_crypto_vacgen6612583,cryptocohort,0,1
3679,urn:wtsi:483277_C11_crypto_vacgen6612592,cryptocohort,0,0
3689,urn:wtsi:483277_C12_crypto_vacgen6612601,cryptocohort,0,1
3600,urn:wtsi:483277_D01_crypto_vacgen6612508,cryptocohort,0,0
3620,urn:wtsi:483277_D02_crypto_vacgen6612517,cryptocohort,0,0
3602,urn:wtsi:483277_D03_crypto_vacgen6612525,cryptocohort,1,0
3612,urn:wtsi:483277_D04_crypto_vacgen6612533,cryptocohort,0,1
3617,urn:wtsi:483277_D05_crypto_vacgen6612541,cryptocohort,1,1
3632,urn:wtsi:483277_D06_crypto_vacgen6612549,cryptocohort,1,1
3631,urn:wtsi:483277_D07_crypto_vacgen6612560,cryptocohort,0,0
3671,urn:wtsi:483277_D09_crypto_vacgen6612576,cryptocohort,0,1
3667,urn:wtsi:483277_D10_crypto_vacgen6612584,cryptocohort,1,0
3668,urn:wtsi:483277_D11_crypto_vacgen6612593,cryptocohort,0,0
3678,urn:wtsi:483277_D12_crypto_vacgen6612602,cryptocohort,0,0
3579,urn:wtsi:483277_E01_crypto_vacgen6612509,cryptocohort,0,0
3605,urn:wtsi:483277_E03_crypto_vacgen6612526,cryptocohort,0,1
3626,urn:wtsi:483277_E04_crypto_vacgen6612534,cryptocohort,0,0
3613,urn:wtsi:483277_E05_crypto_vacgen6612542,cryptocohort,1,1
3630,urn:wtsi:483277_E06_crypto_vacgen6612550,cryptocohort,0,0
3658,urn:wtsi:483277_E07_crypto_vacgen6612561,cryptocohort,0,1
3653,urn:wtsi:483277_E09_crypto_vacgen6612577,cryptocohort,1,1
3681,urn:wtsi:483277_E10_crypto_vacgen6612585,cryptocohort,0,0
3676,urn:wtsi:483277_E11_crypto_vacgen6612594,cryptocohort,1,0
3578,urn:wtsi:483277_F01_crypto_vacgen6612510,cryptocohort,1,1
3591,urn:wtsi:483277_F02_crypto_vacgen6612519,cryptocohort,1,0
3614,urn:wtsi:483277_F03_crypto_vacgen6612527,cryptocohort,0,1
3608,urn:wtsi:483277_F04_crypto_vacgen6612535,cryptocohort,1,0
3623,urn:wtsi:483277_F05_crypto_vacgen6612543,cryptocohort,0,0
3629,urn:wtsi:483277_F06_crypto_vacgen6612551,cryptocohort,0,-9
3638,urn:wtsi:483277_F07_crypto_vacgen6612562,cryptocohort,0,0
3639,urn:wtsi:483277_F08_crypto_vacgen6612570,cryptocohort,0,0
3669,urn:wtsi:483277_F09_crypto_vacgen6612578,cryptocohort,0,0
3666,urn:wtsi:483277_F10_crypto_vacgen6612586,cryptocohort,0,1
3683,urn:wtsi:483277_F11_crypto_vacgen6612595,cryptocohort,0,-9
3691,urn:wtsi:483277_F12_crypto_vacgen6612604,cryptocohort,0,1
3581,urn:wtsi:483277_G01_crypto_vacgen6612511,cryptocohort,0,1
3590,urn:wtsi:483277_G02_crypto_vacgen6612520,cryptocohort,0,0
3615,urn:wtsi:483277_G03_crypto_vacgen6612528,cryptocohort,0,0
3636,urn:wtsi:483277_G04_crypto_vacgen6612536,cryptocohort,1,0
3655,urn:wtsi:483277_G05_crypto_vacgen6612544,cryptocohort,0,-9
3644,urn:wtsi:483277_G06_crypto_vacgen6612552,cryptocohort,0,2
3643,urn:wtsi:483277_G08_crypto_vacgen6612571,cryptocohort,0,0
3663,urn:wtsi:483277_G09_crypto_vacgen6612579,cryptocohort,0,0
3662,urn:wtsi:483277_G10_crypto_vacgen6612587,cryptocohort,0,0
3687,urn:wtsi:483277_G11_crypto_vacgen6612596,cryptocohort,0,0
3672,urn:wtsi:483277_G12_crypto_vacgen6612605,cryptocohort,1,0
3593,urn:wtsi:483277_H01_crypto_vacgen6612512,cryptocohort,1,0
3609,urn:wtsi:483277_H02_crypto_vacgen6612521,cryptocohort,0,0
3597,urn:wtsi:483277_H03_crypto_vacgen6612529,cryptocohort,0,1
3611,urn:wtsi:483277_H04_crypto_vacgen6612537,cryptocohort,0,1
3619,urn:wtsi:483277_H05_crypto_vacgen6612545,cryptocohort,2,0
3616,urn:wtsi:483277_H06_crypto_vacgen6612553,cryptocohort,0,1
3635,urn:wtsi:483277_H08_crypto_vacgen6612572,cryptocohort,1,0
3660,urn:wtsi:483277_H09_crypto_vacgen6612580,cryptocohort,0,1
3684,urn:wtsi:483277_H10_crypto_vacgen6612589,cryptocohort,0,0
3686,urn:wtsi:483277_H11_crypto_vacgen6612597,cryptocohort,0,0
3680,urn:wtsi:483277_H12_crypto_vacgen6612607,cryptocohort,2,0
3698,urn:wtsi:483278_A01_crypto_vacgen6612608,cryptocohort,0,0
3692,urn:wtsi:483278_A02_crypto_vacgen6612616,cryptocohort,0,1
3713,urn:wtsi:483278_A04_crypto_vacgen6612635,cryptocohort,1,1
3726,urn:wtsi:483278_A05_crypto_vacgen6612643,cryptocohort,0,0
3732,urn:wtsi:483278_A06_crypto_vacgen6612652,cryptocohort,0,2
3742,urn:wtsi:483278_A07_crypto_vacgen6612661,cryptocohort,2,0
3754,urn:wtsi:483278_A08_crypto_vacgen6612669,cryptocohort,1,0
3758,urn:wtsi:483278_A09_crypto_vacgen6612677,cryptocohort,0,1
3776,urn:wtsi:483278_A10_crypto_vacgen6612686,cryptocohort,0,1
2007,urn:wtsi:483278_A11_crypto_vacgen6612694,cryptocohort,0,0
2019,urn:wtsi:483278_A12_crypto_vacgen6612703,cryptocohort,0,1
3710,urn:wtsi:483278_B01_crypto_vacgen6612609,cryptocohort,0,2
3682,urn:wtsi:483278_B02_crypto_vacgen6612617,cryptocohort,0,0
3711,urn:wtsi:483278_B03_crypto_vacgen6612628,cryptocohort,2,0
3723,urn:wtsi:483278_B04_crypto_vacgen6612636,cryptocohort,0,-9
3720,urn:wtsi:483278_B05_crypto_vacgen6612645,cryptocohort,0,0
3766,urn:wtsi:483278_B06_crypto_vacgen6612654,cryptocohort,0,0
3737,urn:wtsi:483278_B07_crypto_vacgen6612662,cryptocohort,0,0
3752,urn:wtsi:483278_B09_crypto_vacgen6612678,cryptocohort,0,0
3759,urn:wtsi:483278_B10_crypto_vacgen6612687,cryptocohort,0,2
2010,urn:wtsi:483278_B11_crypto_vacgen6612696,cryptocohort,0,-9
2017,urn:wtsi:483278_B12_crypto_vacgen6612704,cryptocohort,0,0
3715,urn:wtsi:483278_C01_crypto_vacgen6612610,cryptocohort,1,0
3697,urn:wtsi:483278_C02_crypto_vacgen6612618,cryptocohort,1,0
3707,urn:wtsi:483278_C03_crypto_vacgen6612629,cryptocohort,2,0
3717,urn:wtsi:483278_C04_crypto_vacgen6612637,cryptocohort,1,0
3741,urn:wtsi:483278_C05_crypto_vacgen6612646,cryptocohort,1,0
3734,urn:wtsi:483278_C06_crypto_vacgen6612655,cryptocohort,0,0
3762,urn:wtsi:483278_C07_crypto_vacgen6612663,cryptocohort,1,1
3753,urn:wtsi:483278_C08_crypto_vacgen6612671,cryptocohort,0,0
3746,urn:wtsi:483278_C09_crypto_vacgen6612679,cryptocohort,1,0
3748,urn:wtsi:483278_C10_crypto_vacgen6612688,cryptocohort,0,1
2013,urn:wtsi:483278_C11_crypto_vacgen6612697,cryptocohort,0,0
2021,urn:wtsi:483278_C12_crypto_vacgen6612705,cryptocohort,1,1
3693,urn:wtsi:483278_D01_crypto_vacgen6612611,cryptocohort,1,0
3706,urn:wtsi:483278_D02_crypto_vacgen6612620,cryptocohort,1,0
3718,urn:wtsi:483278_D03_crypto_vacgen6612630,cryptocohort,0,0
3728,urn:wtsi:483278_D04_crypto_vacgen6612638,cryptocohort,0,0
3739,urn:wtsi:483278_D05_crypto_vacgen6612647,cryptocohort,0,0
3743,urn:wtsi:483278_D06_crypto_vacgen6612656,cryptocohort,1,1
3735,urn:wtsi:483278_D07_crypto_vacgen6612664,cryptocohort,1,0
3760,urn:wtsi:483278_D08_crypto_vacgen6612672,cryptocohort,0,1
3763,urn:wtsi:483278_D09_crypto_vacgen6612680,cryptocohort,0,1
3771,urn:wtsi:483278_D10_crypto_vacgen6612689,cryptocohort,0,0
2005,urn:wtsi:483278_D11_crypto_vacgen6612698,cryptocohort,1,1
2024,urn:wtsi:483278_D12_crypto_vacgen6612706,cryptocohort,1,1
3674,urn:wtsi:483278_E01_crypto_vacgen6612612,cryptocohort,1,1
3725,urn:wtsi:483278_E02_crypto_vacgen6612621,cryptocohort,0,0
3702,urn:wtsi:483278_E03_crypto_vacgen6612631,cryptocohort,0,0
3733,urn:wtsi:483278_E05_crypto_vacgen6612648,cryptocohort,0,0
3745,urn:wtsi:483278_E06_crypto_vacgen6612657,cryptocohort,0,0
3744,urn:wtsi:483278_E07_crypto_vacgen6612665,cryptocohort,0,1
3774,urn:wtsi:483278_E08_crypto_vacgen6612673,cryptocohort,0,1
3756,urn:wtsi:483278_E09_crypto_vacgen6612681,cryptocohort,0,0
2001,urn:wtsi:483278_E10_crypto_vacgen6612690,cryptocohort,0,0
2011,urn:wtsi:483278_E11_crypto_vacgen6612699,cryptocohort,1,1
2018,urn:wtsi:483278_E12_crypto_vacgen6612707,cryptocohort,1,0
3700,urn:wtsi:483278_F01_crypto_vacgen6612613,cryptocohort,0,0
3705,urn:wtsi:483278_F02_crypto_vacgen6612622,cryptocohort,0,1
3750,urn:wtsi:483278_F03_crypto_vacgen6612632,cryptocohort,0,0
3719,urn:wtsi:483278_F04_crypto_vacgen6612640,cryptocohort,0,1
3740,urn:wtsi:483278_F05_crypto_vacgen6612649,cryptocohort,0,0
3747,urn:wtsi:483278_F06_crypto_vacgen6612658,cryptocohort,0,-9
3775,urn:wtsi:483278_F07_crypto_vacgen6612666,cryptocohort,1,0
3764,urn:wtsi:483278_F08_crypto_vacgen6612674,cryptocohort,0,0
3773,urn:wtsi:483278_F09_crypto_vacgen6612682,cryptocohort,1,0
2002,urn:wtsi:483278_F10_crypto_vacgen6612691,cryptocohort,1,0
2004,urn:wtsi:483278_F11_crypto_vacgen6612700,cryptocohort,2,0
2022,urn:wtsi:483278_F12_crypto_vacgen6612708,cryptocohort,2,1
3716,urn:wtsi:483278_G01_crypto_vacgen6612614,cryptocohort,0,0
3709,urn:wtsi:483278_G02_crypto_vacgen6612623,cryptocohort,0,1
3727,urn:wtsi:483278_G03_crypto_vacgen6612633,cryptocohort,0,1
3731,urn:wtsi:483278_G05_crypto_vacgen6612650,cryptocohort,1,0
3738,urn:wtsi:483278_G06_crypto_vacgen6612659,cryptocohort,1,0
3761,urn:wtsi:483278_G07_crypto_vacgen6612667,cryptocohort,0,0
3770,urn:wtsi:483278_G08_crypto_vacgen6612675,cryptocohort,0,1
3772,urn:wtsi:483278_G09_crypto_vacgen6612683,cryptocohort,0,0
2003,urn:wtsi:483278_G10_crypto_vacgen6612692,cryptocohort,0,0
2012,urn:wtsi:483278_G11_crypto_vacgen6612701,cryptocohort,0,0
2027,urn:wtsi:483278_G12_crypto_vacgen6612710,cryptocohort,0,0
3708,urn:wtsi:483278_H01_crypto_vacgen6612615,cryptocohort,1,1
3721,urn:wtsi:483278_H02_crypto_vacgen6612626,cryptocohort,0,1
3704,urn:wtsi:483278_H03_crypto_vacgen6612634,cryptocohort,2,0
3724,urn:wtsi:483278_H04_crypto_vacgen6612642,cryptocohort,0,0
3749,urn:wtsi:483278_H05_crypto_vacgen6612651,cryptocohort,0,1
3730,urn:wtsi:483278_H06_crypto_vacgen6612660,cryptocohort,0,0
3765,urn:wtsi:483278_H07_crypto_vacgen6612668,cryptocohort,0,0
3755,urn:wtsi:483278_H08_crypto_vacgen6612676,cryptocohort,0,1
3768,urn:wtsi:483278_H09_crypto_vacgen6612685,cryptocohort,2,-9
2006,urn:wtsi:483278_H10_crypto_vacgen6612693,cryptocohort,0,-9
2020,urn:wtsi:483278_H11_crypto_vacgen6612702,cryptocohort,1,0
2031,urn:wtsi:483278_H12_crypto_vacgen6612711,cryptocohort,0,2
2025,urn:wtsi:483279_A01_crypto_vacgen6612712,cryptocohort,1,0
2050,urn:wtsi:483279_A02_crypto_vacgen6612731,cryptocohort,1,1
2062,urn:wtsi:483279_A03_crypto_vacgen6612744,cryptocohort,1,0
2072,urn:wtsi:483279_A04_crypto_vacgen6612752,cryptocohort,0,0
2088,urn:wtsi:483279_A05_crypto_vacgen6612760,cryptocohort,1,0
2102,urn:wtsi:483279_A06_crypto_vacgen6612768,cryptocohort,0,0
2103,urn:wtsi:483279_A07_crypto_vacgen6612776,cryptocohort,0,0
2109,urn:wtsi:483279_A08_crypto_vacgen6612785,cryptocohort,0,1
2117,urn:wtsi:483279_A09_crypto_vacgen6612793,cryptocohort,0,0
2128,urn:wtsi:483279_A10_crypto_vacgen6612801,cryptocohort,0,0
2135,urn:wtsi:483279_A11_crypto_vacgen6612809,cryptocohort,1,0
2146,urn:wtsi:483279_A12_crypto_vacgen6612817,cryptocohort,1,1
2033,urn:wtsi:483279_B01_crypto_vacgen6612713,cryptocohort,1,0
2053,urn:wtsi:483279_B02_crypto_vacgen6612732,cryptocohort,1,0
2065,urn:wtsi:483279_B03_crypto_vacgen6612745,cryptocohort,1,2
2076,urn:wtsi:483279_B04_crypto_vacgen6612753,cryptocohort,0,1
2087,urn:wtsi:483279_B05_crypto_vacgen6612761,cryptocohort,0,0
2118,urn:wtsi:483279_B09_crypto_vacgen6612794,cryptocohort,0,1
2136,urn:wtsi:483279_B11_crypto_vacgen6612810,cryptocohort,0,0
2147,urn:wtsi:483279_B12_crypto_vacgen6612818,cryptocohort,0,1
2034,urn:wtsi:483279_C01_crypto_vacgen6612714,cryptocohort,0,1
2056,urn:wtsi:483279_C02_crypto_vacgen6612734,cryptocohort,0,0
2068,urn:wtsi:483279_C03_crypto_vacgen6612746,cryptocohort,0,0
2073,urn:wtsi:483279_C04_crypto_vacgen6612754,cryptocohort,0,1
2081,urn:wtsi:483279_C05_crypto_vacgen6612762,cryptocohort,0,0
2096,urn:wtsi:483279_C06_crypto_vacgen6612770,cryptocohort,1,0
2105,urn:wtsi:483279_C07_crypto_vacgen6612778,cryptocohort,0,0
2107,urn:wtsi:483279_C08_crypto_vacgen6612787,cryptocohort,0,0
2121,urn:wtsi:483279_C09_crypto_vacgen6612795,cryptocohort,1,1
2130,urn:wtsi:483279_C10_crypto_vacgen6612803,cryptocohort,0,0
2139,urn:wtsi:483279_C11_crypto_vacgen6612811,cryptocohort,1,1
2150,urn:wtsi:483279_C12_crypto_vacgen6612820,cryptocohort,2,0
2032,urn:wtsi:483279_D01_crypto_vacgen6612717,cryptocohort,0,0
2063,urn:wtsi:483279_D02_crypto_vacgen6612739,cryptocohort,0,0
2067,urn:wtsi:483279_D03_crypto_vacgen6612747,cryptocohort,1,0
2079,urn:wtsi:483279_D04_crypto_vacgen6612755,cryptocohort,1,1
2090,urn:wtsi:483279_D05_crypto_vacgen6612763,cryptocohort,0,0
2095,urn:wtsi:483279_D06_crypto_vacgen6612771,cryptocohort,1,0
2106,urn:wtsi:483279_D07_crypto_vacgen6612779,cryptocohort,0,0
2116,urn:wtsi:483279_D08_crypto_vacgen6612788,cryptocohort,1,0
2122,urn:wtsi:483279_D09_crypto_vacgen6612796,cryptocohort,1,1
2132,urn:wtsi:483279_D10_crypto_vacgen6612804,cryptocohort,0,0
2143,urn:wtsi:483279_D11_crypto_vacgen6612812,cryptocohort,0,1
2154,urn:wtsi:483279_D12_crypto_vacgen6612821,cryptocohort,1,0
2036,urn:wtsi:483279_E01_crypto_vacgen6612718,cryptocohort,1,0
2064,urn:wtsi:483279_E02_crypto_vacgen6612740,cryptocohort,0,0
2080,urn:wtsi:483279_E04_crypto_vacgen6612756,cryptocohort,0,0
2091,urn:wtsi:483279_E05_crypto_vacgen6612764,cryptocohort,0,1
2100,urn:wtsi:483279_E06_crypto_vacgen6612772,cryptocohort,2,1
2110,urn:wtsi:483279_E07_crypto_vacgen6612781,cryptocohort,1,0
2113,urn:wtsi:483279_E08_crypto_vacgen6612789,cryptocohort,0,0
2123,urn:wtsi:483279_E09_crypto_vacgen6612797,cryptocohort,1,0
2134,urn:wtsi:483279_E10_crypto_vacgen6612805,cryptocohort,1,0
2137,urn:wtsi:483279_E11_crypto_vacgen6612813,cryptocohort,0,1
2155,urn:wtsi:483279_E12_crypto_vacgen6612822,cryptocohort,0,0
2042,urn:wtsi:483279_F01_crypto_vacgen6612721,cryptocohort,0,0
2066,urn:wtsi:483279_F02_crypto_vacgen6612741,cryptocohort,0,1
2075,urn:wtsi:483279_F03_crypto_vacgen6612749,cryptocohort,0,0
2085,urn:wtsi:483279_F04_crypto_vacgen6612757,cryptocohort,1,0
2086,urn:wtsi:483279_F05_crypto_vacgen6612765,cryptocohort,0,0
2098,urn:wtsi:483279_F06_crypto_vacgen6612773,cryptocohort,0,0
2111,urn:wtsi:483279_F07_crypto_vacgen6612782,cryptocohort,0,2
2115,urn:wtsi:483279_F08_crypto_vacgen6612790,cryptocohort,1,0
2124,urn:wtsi:483279_F09_crypto_vacgen6612798,cryptocohort,0,0
2037,urn:wtsi:483279_G01_crypto_vacgen6612722,cryptocohort,0,0
2061,urn:wtsi:483279_G02_crypto_vacgen6612742,cryptocohort,1,0
2083,urn:wtsi:483279_G04_crypto_vacgen6612758,cryptocohort,0,0
2092,urn:wtsi:483279_G05_crypto_vacgen6612766,cryptocohort,1,1
2097,urn:wtsi:483279_G06_crypto_vacgen6612774,cryptocohort,0,1
2099,urn:wtsi:483279_G07_crypto_vacgen6612783,cryptocohort,1,1
2126,urn:wtsi:483279_G09_crypto_vacgen6612799,cryptocohort,0,0
2138,urn:wtsi:483279_G10_crypto_vacgen6612807,cryptocohort,0,0
2152,urn:wtsi:483279_G12_crypto_vacgen6612824,cryptocohort,0,0
2046,urn:wtsi:483279_H01_crypto_vacgen6612727,cryptocohort,1,0
2070,urn:wtsi:483279_H02_crypto_vacgen6612743,cryptocohort,0,1
2077,urn:wtsi:483279_H03_crypto_vacgen6612751,cryptocohort,1,0
2082,urn:wtsi:483279_H04_crypto_vacgen6612759,cryptocohort,1,0
2093,urn:wtsi:483279_H05_crypto_vacgen6612767,cryptocohort,0,0
2101,urn:wtsi:483279_H06_crypto_vacgen6612775,cryptocohort,0,0
2120,urn:wtsi:483279_H08_crypto_vacgen6612792,cryptocohort,0,0
2127,urn:wtsi:483279_H09_crypto_vacgen6612800,cryptocohort,0,2
2131,urn:wtsi:483279_H10_crypto_vacgen6612808,cryptocohort,0,0
2142,urn:wtsi:483279_H11_crypto_vacgen6612816,cryptocohort,0,1
2148,urn:wtsi:483279_H12_crypto_vacgen6612825,cryptocohort,1,1
2164,urn:wtsi:483280_A02_crypto_vacgen6612834,cryptocohort,0,1
2173,urn:wtsi:483280_A03_crypto_vacgen6612843,cryptocohort,0,1
2180,urn:wtsi:483280_A04_crypto_vacgen6612851,cryptocohort,1,0
2188,urn:wtsi:483280_A05_crypto_vacgen6612859,cryptocohort,1,0
2198,urn:wtsi:483280_A06_crypto_vacgen6612867,cryptocohort,0,0
2206,urn:wtsi:483280_A07_crypto_vacgen6612875,cryptocohort,0,0
2214,urn:wtsi:483280_A08_crypto_vacgen6612885,cryptocohort,0,0
2223,urn:wtsi:483280_A09_crypto_vacgen6612894,cryptocohort,1,1
2234,urn:wtsi:483280_A10_crypto_vacgen6612902,cryptocohort,1,0
2250,urn:wtsi:483280_A12_crypto_vacgen6612918,cryptocohort,1,0
2151,urn:wtsi:483280_B01_crypto_vacgen6612827,cryptocohort,0,0
2165,urn:wtsi:483280_B02_crypto_vacgen6612835,cryptocohort,0,0
2172,urn:wtsi:483280_B03_crypto_vacgen6612844,cryptocohort,0,0
2182,urn:wtsi:483280_B04_crypto_vacgen6612852,cryptocohort,0,0
2200,urn:wtsi:483280_B06_crypto_vacgen6612868,cryptocohort,1,0
2207,urn:wtsi:483280_B07_crypto_vacgen6612877,cryptocohort,0,0
2226,urn:wtsi:483280_B09_crypto_vacgen6612895,cryptocohort,0,1
2235,urn:wtsi:483280_B10_crypto_vacgen6612903,cryptocohort,1,0
2245,urn:wtsi:483280_B11_crypto_vacgen6612911,cryptocohort,1,1
2241,urn:wtsi:483280_B12_crypto_vacgen6612919,cryptocohort,0,0
2156,urn:wtsi:483280_C01_crypto_vacgen6612828,cryptocohort,1,0
2168,urn:wtsi:483280_C02_crypto_vacgen6612836,cryptocohort,0,0
2174,urn:wtsi:483280_C03_crypto_vacgen6612845,cryptocohort,1,0
2183,urn:wtsi:483280_C04_crypto_vacgen6612853,cryptocohort,1,0
2191,urn:wtsi:483280_C05_crypto_vacgen6612861,cryptocohort,0,1
2197,urn:wtsi:483280_C06_crypto_vacgen6612869,cryptocohort,0,0
2205,urn:wtsi:483280_C07_crypto_vacgen6612878,cryptocohort,1,0
2217,urn:wtsi:483280_C08_crypto_vacgen6612888,cryptocohort,1,1
2231,urn:wtsi:483280_C09_crypto_vacgen6612896,cryptocohort,0,0
2229,urn:wtsi:483280_C10_crypto_vacgen6612904,cryptocohort,1,1
2035,urn:wtsi:483280_C11_crypto_vacgen6612912,cryptocohort,1,0
2247,urn:wtsi:483280_C12_crypto_vacgen6612920,cryptocohort,0,0
2158,urn:wtsi:483280_D01_crypto_vacgen6612829,cryptocohort,0,0
2170,urn:wtsi:483280_D02_crypto_vacgen6612837,cryptocohort,1,0
2171,urn:wtsi:483280_D03_crypto_vacgen6612846,cryptocohort,1,0
2185,urn:wtsi:483280_D04_crypto_vacgen6612854,cryptocohort,0,0
2199,urn:wtsi:483280_D06_crypto_vacgen6612870,cryptocohort,0,0
2209,urn:wtsi:483280_D07_crypto_vacgen6612879,cryptocohort,0,0
2220,urn:wtsi:483280_D08_crypto_vacgen6612889,cryptocohort,1,1
2227,urn:wtsi:483280_D09_crypto_vacgen6612897,cryptocohort,0,1
2236,urn:wtsi:483280_D10_crypto_vacgen6612905,cryptocohort,0,0
2026,urn:wtsi:483280_D11_crypto_vacgen6612913,cryptocohort,0,1
2204,urn:wtsi:483280_D12_crypto_vacgen6612921,cryptocohort,0,1
2157,urn:wtsi:483280_E01_crypto_vacgen6612830,cryptocohort,0,0
2169,urn:wtsi:483280_E02_crypto_vacgen6612839,cryptocohort,0,1
2175,urn:wtsi:483280_E03_crypto_vacgen6612847,cryptocohort,1,0
2181,urn:wtsi:483280_E04_crypto_vacgen6612855,cryptocohort,2,0
2192,urn:wtsi:483280_E05_crypto_vacgen6612863,cryptocohort,0,0
2201,urn:wtsi:483280_E06_crypto_vacgen6612871,cryptocohort,0,0
2210,urn:wtsi:483280_E07_crypto_vacgen6612881,cryptocohort,0,0
2228,urn:wtsi:483280_E09_crypto_vacgen6612898,cryptocohort,0,1
2238,urn:wtsi:483280_E10_crypto_vacgen6612906,cryptocohort,0,1
2038,urn:wtsi:483280_E11_crypto_vacgen6612914,cryptocohort,1,0
2246,urn:wtsi:483280_E12_crypto_vacgen6612922,cryptocohort,0,1
2159,urn:wtsi:483280_F01_crypto_vacgen6612831,cryptocohort,0,0
2167,urn:wtsi:483280_F02_crypto_vacgen6612840,cryptocohort,0,0
2176,urn:wtsi:483280_F03_crypto_vacgen6612848,cryptocohort,0,0
2196,urn:wtsi:483280_F05_crypto_vacgen6612864,cryptocohort,0,0
2202,urn:wtsi:483280_F06_crypto_vacgen6612872,cryptocohort,0,0
2221,urn:wtsi:483280_F08_crypto_vacgen6612891,cryptocohort,0,0
2232,urn:wtsi:483280_F09_crypto_vacgen6612899,cryptocohort,0,0
2240,urn:wtsi:483280_F10_crypto_vacgen6612907,cryptocohort,0,1
2052,urn:wtsi:483280_F11_crypto_vacgen6612915,cryptocohort,0,0
2249,urn:wtsi:483280_F12_crypto_vacgen6612923,cryptocohort,1,1
2163,urn:wtsi:483280_G01_crypto_vacgen6612832,cryptocohort,0,0
2166,urn:wtsi:483280_G02_crypto_vacgen6612841,cryptocohort,1,0
2177,urn:wtsi:483280_G03_crypto_vacgen6612849,cryptocohort,1,1
2186,urn:wtsi:483280_G04_crypto_vacgen6612857,cryptocohort,0,0
2195,urn:wtsi:483280_G06_crypto_vacgen6612873,cryptocohort,2,0
2224,urn:wtsi:483280_G08_crypto_vacgen6612892,cryptocohort,0,0
2230,urn:wtsi:483280_G09_crypto_vacgen6612900,cryptocohort,0,0
2055,urn:wtsi:483280_G11_crypto_vacgen6612916,cryptocohort,0,1
2248,urn:wtsi:483280_G12_crypto_vacgen6612924,cryptocohort,0,1
2153,urn:wtsi:483280_H01_crypto_vacgen6612833,cryptocohort,0,0
2160,urn:wtsi:483280_H02_crypto_vacgen6612842,cryptocohort,0,0
2178,urn:wtsi:483280_H03_crypto_vacgen6612850,cryptocohort,0,0
2187,urn:wtsi:483280_H04_crypto_vacgen6612858,cryptocohort,1,1
2193,urn:wtsi:483280_H05_crypto_vacgen6612866,cryptocohort,0,0
2203,urn:wtsi:483280_H06_crypto_vacgen6612874,cryptocohort,0,0
2215,urn:wtsi:483280_H07_crypto_vacgen6612884,cryptocohort,0,0
2225,urn:wtsi:483280_H08_crypto_vacgen6612893,cryptocohort,0,1
2233,urn:wtsi:483280_H09_crypto_vacgen6612901,cryptocohort,1,0
2239,urn:wtsi:483280_H10_crypto_vacgen6612909,cryptocohort,0,1
2242,urn:wtsi:483280_H11_crypto_vacgen6612917,cryptocohort,0,1
2009,urn:wtsi:483280_H12_crypto_vacgen6612925,cryptocohort,0,0